{"level":"error","message":"❌ Erro na conexão Redis:","service":"plusticket","timestamp":"2026-08-12 20:43:44"}
{"clientVersion":"5.22.0","errorCode":"P1000","level":"error","message":"❌ Erro ao iniciar servidor: Authentication failed against database server at `localhost`, the provided database credentials for `root` are not valid.\n\nPlease make sure to provide valid database credentials for the database server at `localhost`.","name":"PrismaClientInitializationError","service":"plusticket","stack":"PrismaClientInitializationError: Authentication failed against database server at `localhost`, the provided database credentials for `root` are not valid.\n\nPlease make sure to provide valid database credentials for the database server at `localhost`.\n    at t (C:\\Users\\Daten\\Desktop\\plusTicket\\node_modules\\@prisma\\client\\runtime\\library.js:112:2488)\n    at async startServer (C:\\Users\\Daten\\Desktop\\plusTicket\\src\\server.js:18:5)","timestamp":"2026-08-12 20:43:44"}
{"level":"error","message":"❌ Erro na conexão Redis:","service":"plusticket","timestamp":"2026-08-12 20:46:14"}
{"clientVersion":"5.22.0","errorCode":"P1000","level":"error","message":"❌ Erro ao iniciar servidor: Authentication failed against database server at `localhost`, the provided database credentials for `root` are not valid.\n\nPlease make sure to provide valid database credentials for the database server at `localhost`.","name":"PrismaClientInitializationError","service":"plusticket","stack":"PrismaClientInitializationError: Authentication failed against database server at `localhost`, the provided database credentials for `root` are not valid.\n\nPlease make sure to provide valid database credentials for the database server at `localhost`.\n    at t (C:\\Users\\Daten\\Desktop\\plusTicket\\node_modules\\@prisma\\client\\runtime\\library.js:112:2488)\n    at async startServer (C:\\Users\\Daten\\Desktop\\plusTicket\\src\\server.js:18:5)","timestamp":"2026-08-12 20:46:14"}
{"level":"error","message":"❌ Erro na conexão Redis:","service":"plusticket","timestamp":"2026-08-12 21:51:09"}
{"level":"error","message":"❌ Erro na conexão Redis:","service":"plusticket","timestamp":"2026-08-13 00:33:28"}
{"level":"error","message":"❌ Erro na conexão Redis:","service":"plusticket","timestamp":"2026-08-13 00:33:29"}
{"level":"warn","message":"⚠️  Redis indisponível (6379). Filas BullMQ desativadas.","service":"plusticket","timestamp":"2026-08-13 00:33:31"}
{"level":"warn","message":"⚠️  Redis indisponível (6379). Filas BullMQ desativadas.","service":"plusticket","timestamp":"2026-08-13 00:36:39"}
{"level":"info","message":"✅ Banco de dados (MariaDB/MySQL) conectado","service":"plusticket","timestamp":"2026-08-13 00:36:39"}
{"level":"info","message":"✅ Socket.IO inicializado","service":"plusticket","timestamp":"2026-08-13 00:36:39"}
{"level":"info","message":"✅ E-mail configurado (Ethereal): epmp5furto5cgtiy@ethereal.email","service":"plusticket","timestamp":"2026-08-13 00:36:41"}
{"level":"info","message":"📧 Visualizar e-mails em: https://ethereal.email/login","service":"plusticket","timestamp":"2026-08-13 00:36:41"}
{"level":"info","message":"✅ Email Worker iniciado","service":"plusticket","timestamp":"2026-08-13 00:36:41"}
{"level":"info","message":"✅ PDF Worker iniciado","service":"plusticket","timestamp":"2026-08-13 00:36:41"}
{"level":"info","message":"✅ Payment Worker iniciado","service":"plusticket","timestamp":"2026-08-13 00:36:41"}
{"level":"info","message":"✅ Workers BullMQ iniciados","service":"plusticket","timestamp":"2026-08-13 00:36:41"}
{"level":"info","message":"\n╔══════════════════════════════════════════════════╗\n║                                                  ║\n║   🎫 plusTicket API v1.0.0                       ║\n║                                                  ║\n║   🌐 Server:    http://localhost:3000            ║\n║   📊 Queues:    http://localhost:3000/admin/queues║\n║   💚 Health:    http://localhost:3000/api/health  ║\n║   🔌 WebSocket: ws://localhost:3000/dashboard    ║\n║                                                  ║\n║   📦 Ambiente: development                     ║\n║                                                  ║\n╚══════════════════════════════════════════════════╝\n      ","service":"plusticket","timestamp":"2026-08-13 00:36:41"}
{"level":"info","message":"\nSIGINT recebido. Encerrando...","service":"plusticket","timestamp":"2026-08-13 00:37:48"}
{"level":"warn","message":"⚠️  Redis indisponível (6379). Filas BullMQ desativadas.","service":"plusticket","timestamp":"2026-08-13 00:38:02"}
{"level":"info","message":"✅ Banco de dados (MariaDB/MySQL) conectado","service":"plusticket","timestamp":"2026-08-13 00:38:02"}
{"level":"info","message":"✅ Socket.IO inicializado","service":"plusticket","timestamp":"2026-08-13 00:38:02"}
{"level":"info","message":"✅ E-mail configurado (Ethereal): opyjzuy7hpfxju5h@ethereal.email","service":"plusticket","timestamp":"2026-08-13 00:38:03"}
{"level":"info","message":"📧 Visualizar e-mails em: https://ethereal.email/login","service":"plusticket","timestamp":"2026-08-13 00:38:03"}
{"level":"info","message":"✅ Email Worker iniciado","service":"plusticket","timestamp":"2026-08-13 00:38:03"}
{"level":"info","message":"✅ PDF Worker iniciado","service":"plusticket","timestamp":"2026-08-13 00:38:03"}
{"level":"info","message":"✅ Payment Worker iniciado","service":"plusticket","timestamp":"2026-08-13 00:38:03"}
{"level":"info","message":"✅ Workers BullMQ iniciados","service":"plusticket","timestamp":"2026-08-13 00:38:03"}
{"level":"info","message":"\n╔══════════════════════════════════════════════════╗\n║                                                  ║\n║   🎫 plusTicket API v1.0.0                       ║\n║                                                  ║\n║   🌐 Server:    http://localhost:3000            ║\n║   📊 Queues:    http://localhost:3000/admin/queues║\n║   💚 Health:    http://localhost:3000/api/health  ║\n║   🔌 WebSocket: ws://localhost:3000/dashboard    ║\n║                                                  ║\n║   📦 Ambiente: development                     ║\n║                                                  ║\n╚══════════════════════════════════════════════════╝\n      ","service":"plusticket","timestamp":"2026-08-13 00:38:03"}
{"level":"warn","message":"⚠️  Redis indisponível (6379). Filas BullMQ desativadas.","service":"plusticket","timestamp":"2026-08-13 00:38:32"}
{"level":"info","message":"✅ Banco de dados (MariaDB/MySQL) conectado","service":"plusticket","timestamp":"2026-08-13 00:38:32"}
{"level":"info","message":"✅ Socket.IO inicializado","service":"plusticket","timestamp":"2026-08-13 00:38:32"}
{"level":"info","message":"✅ E-mail configurado (Ethereal): mboodvzakbunffs7@ethereal.email","service":"plusticket","timestamp":"2026-08-13 00:38:33"}
{"level":"warn","message":"⚠️  Redis indisponível (6379). Filas BullMQ desativadas.","service":"plusticket","timestamp":"2026-08-13 00:39:54"}
{"level":"info","message":"✅ Banco de dados (MariaDB/MySQL) conectado","service":"plusticket","timestamp":"2026-08-13 00:39:54"}
{"level":"info","message":"✅ Socket.IO inicializado","service":"plusticket","timestamp":"2026-08-13 00:39:54"}
{"level":"info","message":"✅ E-mail configurado (Ethereal): mgvlcszpp7wafslo@ethereal.email","service":"plusticket","timestamp":"2026-08-13 00:39:55"}
{"level":"info","message":"📧 Visualizar e-mails em: https://ethereal.email/login","service":"plusticket","timestamp":"2026-08-13 00:39:55"}
{"level":"info","message":"✅ Email Worker iniciado","service":"plusticket","timestamp":"2026-08-13 00:39:55"}
{"level":"info","message":"✅ PDF Worker iniciado","service":"plusticket","timestamp":"2026-08-13 00:39:55"}
{"level":"info","message":"✅ Payment Worker iniciado","service":"plusticket","timestamp":"2026-08-13 00:39:55"}
{"level":"info","message":"✅ Workers BullMQ iniciados","service":"plusticket","timestamp":"2026-08-13 00:39:55"}
{"level":"info","message":"\n╔══════════════════════════════════════════════════╗\n║                                                  ║\n║   🎫 plusTicket API v1.0.0                       ║\n║                                                  ║\n║   🌐 Server:    http://localhost:3000            ║\n║   📊 Queues:    http://localhost:3000/admin/queues║\n║   💚 Health:    http://localhost:3000/api/health  ║\n║   🔌 WebSocket: ws://localhost:3000/dashboard    ║\n║                                                  ║\n║   📦 Ambiente: development                     ║\n║                                                  ║\n╚══════════════════════════════════════════════════╝\n      ","service":"plusticket","timestamp":"2026-08-13 00:39:55"}
{"level":"info","message":"✅ Banco de dados (MariaDB/MySQL) conectado","service":"plusticket","timestamp":"2026-08-13 00:41:22"}
{"level":"info","message":"✅ Socket.IO inicializado","service":"plusticket","timestamp":"2026-08-13 00:41:22"}
{"level":"info","message":"✅ E-mail configurado (Ethereal): eicblmtdfmnqogay@ethereal.email","service":"plusticket","timestamp":"2026-08-13 00:41:23"}
{"level":"info","message":"📧 Visualizar e-mails em: https://ethereal.email/login","service":"plusticket","timestamp":"2026-08-13 00:41:23"}
{"level":"warn","message":"⚠️  Workers BullMQ não iniciados (Redis indisponível?):","service":"plusticket","timestamp":"2026-08-13 00:41:23"}
{"level":"warn","message":"⚠️  Filas de jobs não funcionarão. Instale e inicie o Redis.","service":"plusticket","timestamp":"2026-08-13 00:41:23"}
{"level":"info","message":"\n╔══════════════════════════════════════════════════╗\n║                                                  ║\n║   🎫 plusTicket API v1.0.0                       ║\n║                                                  ║\n║   🌐 Server:    http://localhost:3000            ║\n║   📊 Queues:    http://localhost:3000/admin/queues║\n║   💚 Health:    http://localhost:3000/api/health  ║\n║   🔌 WebSocket: ws://localhost:3000/dashboard    ║\n║                                                  ║\n║   📦 Ambiente: development                     ║\n║                                                  ║\n╚══════════════════════════════════════════════════╝\n      ","service":"plusticket","timestamp":"2026-08-13 00:41:23"}
{"level":"info","message":"✅ Banco de dados (MariaDB/MySQL) conectado","service":"plusticket","timestamp":"2026-08-13 00:41:53"}
{"level":"info","message":"✅ Socket.IO inicializado","service":"plusticket","timestamp":"2026-08-13 00:41:53"}
{"level":"info","message":"✅ E-mail configurado (Ethereal): nqnl4gmqeplacggh@ethereal.email","service":"plusticket","timestamp":"2026-08-13 00:41:54"}
{"level":"info","message":"📧 Visualizar e-mails em: https://ethereal.email/login","service":"plusticket","timestamp":"2026-08-13 00:41:54"}
{"level":"warn","message":"⚠️  Workers BullMQ não iniciados (Redis indisponível?):","service":"plusticket","timestamp":"2026-08-13 00:41:54"}
{"level":"warn","message":"⚠️  Filas de jobs não funcionarão. Instale e inicie o Redis.","service":"plusticket","timestamp":"2026-08-13 00:41:54"}
{"level":"info","message":"\n╔══════════════════════════════════════════════════╗\n║                                                  ║\n║   🎫 plusTicket API v1.0.0                       ║\n║                                                  ║\n║   🌐 Server:    http://localhost:3000            ║\n║   📊 Queues:    http://localhost:3000/admin/queues║\n║   💚 Health:    http://localhost:3000/api/health  ║\n║   🔌 WebSocket: ws://localhost:3000/dashboard    ║\n║                                                  ║\n║   📦 Ambiente: development                     ║\n║                                                  ║\n╚══════════════════════════════════════════════════╝\n      ","service":"plusticket","timestamp":"2026-08-13 00:41:54"}
{"level":"info","message":"✅ Banco de dados (MariaDB/MySQL) conectado","service":"plusticket","timestamp":"2026-08-13 00:42:24"}
{"level":"info","message":"✅ Socket.IO inicializado","service":"plusticket","timestamp":"2026-08-13 00:42:24"}
{"level":"info","message":"✅ E-mail configurado (Ethereal): glmirh5zkimao2e7@ethereal.email","service":"plusticket","timestamp":"2026-08-13 00:42:25"}
{"level":"info","message":"📧 Visualizar e-mails em: https://ethereal.email/login","service":"plusticket","timestamp":"2026-08-13 00:42:25"}
{"level":"warn","message":"⚠️  Workers BullMQ não iniciados (Redis indisponível?):","service":"plusticket","timestamp":"2026-08-13 00:42:25"}
{"level":"warn","message":"⚠️  Filas de jobs não funcionarão. Instale e inicie o Redis.","service":"plusticket","timestamp":"2026-08-13 00:42:25"}
{"level":"info","message":"\n╔══════════════════════════════════════════════════╗\n║                                                  ║\n║   🎫 plusTicket API v1.0.0                       ║\n║                                                  ║\n║   🌐 Server:    http://localhost:3000            ║\n║   📊 Queues:    http://localhost:3000/admin/queues║\n║   💚 Health:    http://localhost:3000/api/health  ║\n║   🔌 WebSocket: ws://localhost:3000/dashboard    ║\n║                                                  ║\n║   📦 Ambiente: development                     ║\n║                                                  ║\n╚══════════════════════════════════════════════════╝\n      ","service":"plusticket","timestamp":"2026-08-13 00:42:25"}
{"level":"info","message":"✅ Banco de dados (MariaDB/MySQL) conectado","service":"plusticket","timestamp":"2026-08-13 00:42:50"}
{"level":"info","message":"✅ Socket.IO inicializado","service":"plusticket","timestamp":"2026-08-13 00:42:50"}
{"level":"info","message":"✅ E-mail configurado (Ethereal): z3j3m4d4hoex2cxg@ethereal.email","service":"plusticket","timestamp":"2026-08-13 00:42:51"}
{"level":"info","message":"📧 Visualizar e-mails em: https://ethereal.email/login","service":"plusticket","timestamp":"2026-08-13 00:42:51"}
{"level":"warn","message":"⚠️  Email Worker não iniciado (Redis indisponível)","service":"plusticket","timestamp":"2026-08-13 00:42:51"}
{"level":"warn","message":"⚠️  Workers BullMQ não iniciados (Redis indisponível?):","service":"plusticket","timestamp":"2026-08-13 00:42:51"}
{"level":"warn","message":"⚠️  Filas de jobs não funcionarão. Instale e inicie o Redis.","service":"plusticket","timestamp":"2026-08-13 00:42:51"}
{"level":"info","message":"\n╔══════════════════════════════════════════════════╗\n║                                                  ║\n║   🎫 plusTicket API v1.0.0                       ║\n║                                                  ║\n║   🌐 Server:    http://localhost:3000            ║\n║   📊 Queues:    http://localhost:3000/admin/queues║\n║   💚 Health:    http://localhost:3000/api/health  ║\n║   🔌 WebSocket: ws://localhost:3000/dashboard    ║\n║                                                  ║\n║   📦 Ambiente: development                     ║\n║                                                  ║\n╚══════════════════════════════════════════════════╝\n      ","service":"plusticket","timestamp":"2026-08-13 00:42:51"}
{"level":"info","message":"✅ Banco de dados (MariaDB/MySQL) conectado","service":"plusticket","timestamp":"2026-08-13 00:42:59"}
{"level":"info","message":"✅ Socket.IO inicializado","service":"plusticket","timestamp":"2026-08-13 00:42:59"}
{"level":"info","message":"✅ E-mail configurado (Ethereal): drtpbryrine423vk@ethereal.email","service":"plusticket","timestamp":"2026-08-13 00:43:00"}
{"level":"info","message":"📧 Visualizar e-mails em: https://ethereal.email/login","service":"plusticket","timestamp":"2026-08-13 00:43:00"}
{"level":"warn","message":"⚠️  Email Worker não iniciado (Redis indisponível)","service":"plusticket","timestamp":"2026-08-13 00:43:00"}
{"level":"warn","message":"⚠️  Workers BullMQ não iniciados (Redis indisponível?):","service":"plusticket","timestamp":"2026-08-13 00:43:00"}
{"level":"warn","message":"⚠️  Filas de jobs não funcionarão. Instale e inicie o Redis.","service":"plusticket","timestamp":"2026-08-13 00:43:00"}
{"level":"info","message":"\n╔══════════════════════════════════════════════════╗\n║                                                  ║\n║   🎫 plusTicket API v1.0.0                       ║\n║                                                  ║\n║   🌐 Server:    http://localhost:3000            ║\n║   📊 Queues:    http://localhost:3000/admin/queues║\n║   💚 Health:    http://localhost:3000/api/health  ║\n║   🔌 WebSocket: ws://localhost:3000/dashboard    ║\n║                                                  ║\n║   📦 Ambiente: development                     ║\n║                                                  ║\n╚══════════════════════════════════════════════════╝\n      ","service":"plusticket","timestamp":"2026-08-13 00:43:00"}
{"level":"info","message":"✅ Banco de dados (MariaDB/MySQL) conectado","service":"plusticket","timestamp":"2026-08-13 00:43:10"}
{"level":"info","message":"✅ Socket.IO inicializado","service":"plusticket","timestamp":"2026-08-13 00:43:10"}
{"level":"info","message":"✅ E-mail configurado (Ethereal): kvs3qjgacxahcrjb@ethereal.email","service":"plusticket","timestamp":"2026-08-13 00:43:11"}
{"level":"info","message":"📧 Visualizar e-mails em: https://ethereal.email/login","service":"plusticket","timestamp":"2026-08-13 00:43:11"}
{"level":"warn","message":"⚠️  Email Worker não iniciado (Redis indisponível)","service":"plusticket","timestamp":"2026-08-13 00:43:11"}
{"level":"warn","message":"⚠️  PDF Worker não iniciado (Redis indisponível)","service":"plusticket","timestamp":"2026-08-13 00:43:11"}
{"level":"warn","message":"⚠️  Workers BullMQ não iniciados (Redis indisponível?):","service":"plusticket","timestamp":"2026-08-13 00:43:12"}
{"level":"warn","message":"⚠️  Filas de jobs não funcionarão. Instale e inicie o Redis.","service":"plusticket","timestamp":"2026-08-13 00:43:12"}
{"level":"info","message":"\n╔══════════════════════════════════════════════════╗\n║                                                  ║\n║   🎫 plusTicket API v1.0.0                       ║\n║                                                  ║\n║   🌐 Server:    http://localhost:3000            ║\n║   📊 Queues:    http://localhost:3000/admin/queues║\n║   💚 Health:    http://localhost:3000/api/health  ║\n║   🔌 WebSocket: ws://localhost:3000/dashboard    ║\n║                                                  ║\n║   📦 Ambiente: development                     ║\n║                                                  ║\n╚══════════════════════════════════════════════════╝\n      ","service":"plusticket","timestamp":"2026-08-13 00:43:12"}
{"level":"info","message":"✅ Banco de dados (MariaDB/MySQL) conectado","service":"plusticket","timestamp":"2026-08-13 00:43:27"}
{"level":"info","message":"✅ Socket.IO inicializado","service":"plusticket","timestamp":"2026-08-13 00:43:27"}
{"level":"info","message":"✅ E-mail configurado (Ethereal): kmih2wu5ccsfsm43@ethereal.email","service":"plusticket","timestamp":"2026-08-13 00:43:28"}
{"level":"info","message":"📧 Visualizar e-mails em: https://ethereal.email/login","service":"plusticket","timestamp":"2026-08-13 00:43:28"}
{"level":"warn","message":"⚠️  Email Worker não iniciado (Redis indisponível)","service":"plusticket","timestamp":"2026-08-13 00:43:28"}
{"level":"warn","message":"⚠️  PDF Worker não iniciado (Redis indisponível)","service":"plusticket","timestamp":"2026-08-13 00:43:28"}
{"level":"warn","message":"⚠️  Workers BullMQ não iniciados (Redis indisponível?):","service":"plusticket","timestamp":"2026-08-13 00:43:28"}
{"level":"warn","message":"⚠️  Filas de jobs não funcionarão. Instale e inicie o Redis.","service":"plusticket","timestamp":"2026-08-13 00:43:28"}
{"level":"info","message":"\n╔══════════════════════════════════════════════════╗\n║                                                  ║\n║   🎫 plusTicket API v1.0.0                       ║\n║                                                  ║\n║   🌐 Server:    http://localhost:3000            ║\n║   📊 Queues:    http://localhost:3000/admin/queues║\n║   💚 Health:    http://localhost:3000/api/health  ║\n║   🔌 WebSocket: ws://localhost:3000/dashboard    ║\n║                                                  ║\n║   📦 Ambiente: development                     ║\n║                                                  ║\n╚══════════════════════════════════════════════════╝\n      ","service":"plusticket","timestamp":"2026-08-13 00:43:28"}
{"level":"info","message":"✅ Banco de dados (MariaDB/MySQL) conectado","service":"plusticket","timestamp":"2026-08-13 00:43:46"}
{"level":"info","message":"✅ Socket.IO inicializado","service":"plusticket","timestamp":"2026-08-13 00:43:46"}
{"level":"info","message":"✅ E-mail configurado (Ethereal): cnekqlhkfrcwbtvo@ethereal.email","service":"plusticket","timestamp":"2026-08-13 00:43:47"}
{"level":"info","message":"📧 Visualizar e-mails em: https://ethereal.email/login","service":"plusticket","timestamp":"2026-08-13 00:43:47"}
{"level":"warn","message":"⚠️  Email Worker não iniciado (Redis indisponível)","service":"plusticket","timestamp":"2026-08-13 00:43:47"}
{"level":"warn","message":"⚠️  PDF Worker não iniciado (Redis indisponível)","service":"plusticket","timestamp":"2026-08-13 00:43:47"}
{"level":"warn","message":"⚠️  Payment Worker não iniciado (Redis indisponível)","service":"plusticket","timestamp":"2026-08-13 00:43:47"}
{"level":"info","message":"✅ Workers BullMQ iniciados","service":"plusticket","timestamp":"2026-08-13 00:43:47"}
{"level":"info","message":"\n╔══════════════════════════════════════════════════╗\n║                                                  ║\n║   🎫 plusTicket API v1.0.0                       ║\n║                                                  ║\n║   🌐 Server:    http://localhost:3000            ║\n║   📊 Queues:    http://localhost:3000/admin/queues║\n║   💚 Health:    http://localhost:3000/api/health  ║\n║   🔌 WebSocket: ws://localhost:3000/dashboard    ║\n║                                                  ║\n║   📦 Ambiente: development                     ║\n║                                                  ║\n╚══════════════════════════════════════════════════╝\n      ","service":"plusticket","timestamp":"2026-08-13 00:43:47"}
{"level":"info","message":"✅ Banco de dados (MariaDB/MySQL) conectado","service":"plusticket","timestamp":"2026-08-13 00:44:05"}
{"level":"info","message":"✅ Socket.IO inicializado","service":"plusticket","timestamp":"2026-08-13 00:44:05"}
{"level":"info","message":"✅ E-mail configurado (Ethereal): mfy67x3drxq5wxvj@ethereal.email","service":"plusticket","timestamp":"2026-08-13 00:44:06"}
{"level":"info","message":"📧 Visualizar e-mails em: https://ethereal.email/login","service":"plusticket","timestamp":"2026-08-13 00:44:06"}
{"level":"warn","message":"⚠️  Redis indisponível. Filas de jobs (PDF, E-mail) desativadas. O servidor funcionará normalmente.","service":"plusticket","timestamp":"2026-08-13 00:44:06"}
{"level":"warn","message":"⚠️  Filas BullMQ não criadas (Redis indisponível).","service":"plusticket","timestamp":"2026-08-13 00:44:06"}
{"level":"warn","message":"⚠️  Email Worker não iniciado (Redis indisponível)","service":"plusticket","timestamp":"2026-08-13 00:44:06"}
{"level":"warn","message":"⚠️  PDF Worker não iniciado (Redis indisponível)","service":"plusticket","timestamp":"2026-08-13 00:44:06"}
{"level":"warn","message":"⚠️  Payment Worker não iniciado (Redis indisponível)","service":"plusticket","timestamp":"2026-08-13 00:44:06"}
{"level":"info","message":"\n╔══════════════════════════════════════════════════╗\n║                                                  ║\n║   🎫 plusTicket API v1.0.0                       ║\n║                                                  ║\n║   🌐 Server:    http://localhost:3000            ║\n║   📊 Queues:    http://localhost:3000/admin/queues║\n║   💚 Health:    http://localhost:3000/api/health  ║\n║   🔌 WebSocket: ws://localhost:3000/dashboard    ║\n║                                                  ║\n║   📦 Ambiente: development                     ║\n║                                                  ║\n╚══════════════════════════════════════════════════╝\n      ","service":"plusticket","timestamp":"2026-08-13 00:44:06"}
{"level":"info","message":"✅ Banco de dados (MariaDB/MySQL) conectado","service":"plusticket","timestamp":"2026-08-13 00:44:29"}
{"level":"info","message":"✅ Socket.IO inicializado","service":"plusticket","timestamp":"2026-08-13 00:44:29"}
{"level":"info","message":"✅ E-mail configurado (Ethereal): c44d6fbwie3cj2yq@ethereal.email","service":"plusticket","timestamp":"2026-08-13 00:44:30"}
{"level":"info","message":"📧 Visualizar e-mails em: https://ethereal.email/login","service":"plusticket","timestamp":"2026-08-13 00:44:30"}
{"level":"warn","message":"⚠️  Redis indisponível. Filas de jobs (PDF, E-mail) desativadas. O servidor funcionará normalmente.","service":"plusticket","timestamp":"2026-08-13 00:44:30"}
{"level":"info","message":"✅ Banco de dados (MariaDB/MySQL) conectado","service":"plusticket","timestamp":"2026-08-13 00:45:11"}
{"level":"info","message":"✅ Socket.IO inicializado","service":"plusticket","timestamp":"2026-08-13 00:45:11"}
{"level":"info","message":"✅ E-mail configurado (Ethereal): jdqyo2rgetxhqouv@ethereal.email","service":"plusticket","timestamp":"2026-08-13 00:45:12"}
{"level":"info","message":"📧 Visualizar e-mails em: https://ethereal.email/login","service":"plusticket","timestamp":"2026-08-13 00:45:12"}
{"level":"warn","message":"⚠️  Redis indisponível. Filas de jobs (PDF, E-mail) desativadas. O servidor funcionará normalmente.","service":"plusticket","timestamp":"2026-08-13 00:45:12"}
{"level":"warn","message":"⚠️  Filas BullMQ não criadas (Redis indisponível).","service":"plusticket","timestamp":"2026-08-13 00:45:12"}
{"level":"warn","message":"⚠️  Email Worker não iniciado (Redis indisponível)","service":"plusticket","timestamp":"2026-08-13 00:45:12"}
{"level":"warn","message":"⚠️  PDF Worker não iniciado (Redis indisponível)","service":"plusticket","timestamp":"2026-08-13 00:45:12"}
{"level":"warn","message":"⚠️  Payment Worker não iniciado (Redis indisponível)","service":"plusticket","timestamp":"2026-08-13 00:45:12"}
{"level":"info","message":"\n╔══════════════════════════════════════════════════╗\n║                                                  ║\n║   🎫 plusTicket API v1.0.0                       ║\n║                                                  ║\n║   🌐 Server:    http://localhost:3000            ║\n║   📊 Queues:    http://localhost:3000/admin/queues║\n║   💚 Health:    http://localhost:3000/api/health  ║\n║   🔌 WebSocket: ws://localhost:3000/dashboard    ║\n║                                                  ║\n║   📦 Ambiente: development                     ║\n║                                                  ║\n╚══════════════════════════════════════════════════╝\n      ","service":"plusticket","timestamp":"2026-08-13 00:45:12"}
{"level":"error","message":"Erro não tratado: Credenciais inválidas","method":"POST","path":"/api/auth/login","service":"plusticket","stack":"Error: Credenciais inválidas\n    at AuthService.login (C:\\Users\\Daten\\Desktop\\plusTicket\\src\\modules\\auth\\auth.service.js:62:27)\n    at async login (C:\\Users\\Daten\\Desktop\\plusTicket\\src\\modules\\auth\\auth.controller.js:16:22)","timestamp":"2026-08-13 00:46:53"}
{"level":"info","message":"✅ Banco de dados (MariaDB/MySQL) conectado","service":"plusticket","timestamp":"2026-08-13 00:51:16"}
{"level":"info","message":"✅ Socket.IO inicializado","service":"plusticket","timestamp":"2026-08-13 00:51:16"}
{"level":"info","message":"✅ E-mail configurado (Ethereal): g4dxrsh2557vniv5@ethereal.email","service":"plusticket","timestamp":"2026-08-13 00:51:17"}
{"level":"info","message":"📧 Visualizar e-mails em: https://ethereal.email/login","service":"plusticket","timestamp":"2026-08-13 00:51:17"}
{"level":"warn","message":"⚠️  Redis indisponível. Filas de jobs (PDF, E-mail) desativadas. O servidor funcionará normalmente.","service":"plusticket","timestamp":"2026-08-13 00:51:17"}
{"level":"warn","message":"⚠️  Filas BullMQ não criadas (Redis indisponível).","service":"plusticket","timestamp":"2026-08-13 00:51:17"}
{"level":"warn","message":"⚠️  Email Worker não iniciado (Redis indisponível)","service":"plusticket","timestamp":"2026-08-13 00:51:17"}
{"level":"warn","message":"⚠️  PDF Worker não iniciado (Redis indisponível)","service":"plusticket","timestamp":"2026-08-13 00:51:17"}
{"level":"warn","message":"⚠️  Payment Worker não iniciado (Redis indisponível)","service":"plusticket","timestamp":"2026-08-13 00:51:17"}
{"level":"info","message":"\n╔══════════════════════════════════════════════════╗\n║                                                  ║\n║   🎫 plusTicket API v1.0.0                       ║\n║                                                  ║\n║   🌐 Server:    http://localhost:3000            ║\n║   📊 Queues:    http://localhost:3000/admin/queues║\n║   💚 Health:    http://localhost:3000/api/health  ║\n║   🔌 WebSocket: ws://localhost:3000/dashboard    ║\n║                                                  ║\n║   📦 Ambiente: development                     ║\n║                                                  ║\n╚══════════════════════════════════════════════════╝\n      ","service":"plusticket","timestamp":"2026-08-13 00:51:17"}
{"level":"info","message":"✅ Banco de dados (MariaDB/MySQL) conectado","service":"plusticket","timestamp":"2026-08-13 00:53:46"}
{"level":"info","message":"✅ Socket.IO inicializado","service":"plusticket","timestamp":"2026-08-13 00:53:46"}
{"level":"info","message":"✅ E-mail configurado (Ethereal): bskxsgu6gpzhi35v@ethereal.email","service":"plusticket","timestamp":"2026-08-13 00:53:47"}
{"level":"info","message":"📧 Visualizar e-mails em: https://ethereal.email/login","service":"plusticket","timestamp":"2026-08-13 00:53:47"}
{"level":"warn","message":"⚠️  Redis indisponível. Filas de jobs (PDF, E-mail) desativadas. O servidor funcionará normalmente.","service":"plusticket","timestamp":"2026-08-13 00:53:47"}
{"level":"info","message":"Novo usuário registrado: mirilo.bxd@gmail.com (ATTENDEE)","service":"plusticket","timestamp":"2026-08-13 00:59:16"}
{"level":"error","message":"Erro não tratado: Este e-mail já está cadastrado","method":"POST","path":"/api/auth/register","service":"plusticket","stack":"Error: Este e-mail já está cadastrado\n    at AuthService.register (C:\\Users\\Daten\\Desktop\\plusTicket\\server\\src\\modules\\auth\\auth.service.js:14:27)\n    at async register (C:\\Users\\Daten\\Desktop\\plusTicket\\server\\src\\modules\\auth\\auth.controller.js:7:22)","timestamp":"2026-08-13 01:04:45"}
{"level":"info","message":"Novo usuário registrado: murilo@gmail.com (ORGANIZER)","service":"plusticket","timestamp":"2026-08-13 01:04:56"}
{"level":"info","message":"✅ Banco de dados (MariaDB/MySQL) conectado","service":"plusticket","timestamp":"2026-08-13 01:06:18"}
{"level":"info","message":"✅ Socket.IO inicializado","service":"plusticket","timestamp":"2026-08-13 01:06:18"}
{"level":"info","message":"✅ E-mail configurado (Ethereal): xcm3xvxtbgqdrf3w@ethereal.email","service":"plusticket","timestamp":"2026-08-13 01:06:19"}
{"level":"info","message":"📧 Visualizar e-mails em: https://ethereal.email/login","service":"plusticket","timestamp":"2026-08-13 01:06:19"}
{"level":"warn","message":"⚠️  Redis indisponível. Filas de jobs (PDF, E-mail) desativadas. O servidor funcionará normalmente.","service":"plusticket","timestamp":"2026-08-13 01:06:19"}
{"level":"info","message":"✅ Banco de dados (MariaDB/MySQL) conectado","service":"plusticket","timestamp":"2026-08-13 01:07:47"}
{"level":"info","message":"✅ Socket.IO inicializado","service":"plusticket","timestamp":"2026-08-13 01:07:47"}
{"level":"info","message":"✅ E-mail configurado (Ethereal): tj54avcwmoogrrip@ethereal.email","service":"plusticket","timestamp":"2026-08-13 01:07:47"}
{"level":"info","message":"📧 Visualizar e-mails em: https://ethereal.email/login","service":"plusticket","timestamp":"2026-08-13 01:07:47"}
{"level":"warn","message":"⚠️  Redis indisponível. Filas de jobs (PDF, E-mail) desativadas. O servidor funcionará normalmente.","service":"plusticket","timestamp":"2026-08-13 01:07:47"}
{"level":"warn","message":"⚠️  Filas BullMQ não criadas (Redis indisponível).","service":"plusticket","timestamp":"2026-08-13 01:07:47"}
{"level":"warn","message":"⚠️  Email Worker não iniciado (Redis indisponível)","service":"plusticket","timestamp":"2026-08-13 01:07:47"}
{"level":"warn","message":"⚠️  PDF Worker não iniciado (Redis indisponível)","service":"plusticket","timestamp":"2026-08-13 01:07:47"}
{"level":"warn","message":"⚠️  Payment Worker não iniciado (Redis indisponível)","service":"plusticket","timestamp":"2026-08-13 01:07:47"}
{"level":"info","message":"\n╔══════════════════════════════════════════════════╗\n║                                                  ║\n║   🎫 plusTicket API v1.0.0                       ║\n║                                                  ║\n║   🌐 Server:    http://localhost:3000            ║\n║   📊 Queues:    http://localhost:3000/admin/queues║\n║   💚 Health:    http://localhost:3000/api/health  ║\n║   🔌 WebSocket: ws://localhost:3000/dashboard    ║\n║                                                  ║\n║   📦 Ambiente: development                     ║\n║                                                  ║\n╚══════════════════════════════════════════════════╝\n      ","service":"plusticket","timestamp":"2026-08-13 01:07:47"}
{"level":"info","message":"✅ Banco de dados (MariaDB/MySQL) conectado","service":"plusticket","timestamp":"2026-08-13 01:08:09"}
{"level":"info","message":"✅ Socket.IO inicializado","service":"plusticket","timestamp":"2026-08-13 01:08:09"}
{"level":"info","message":"✅ E-mail configurado (Ethereal): x6c4ec6of7y4psln@ethereal.email","service":"plusticket","timestamp":"2026-08-13 01:08:10"}
{"level":"info","message":"📧 Visualizar e-mails em: https://ethereal.email/login","service":"plusticket","timestamp":"2026-08-13 01:08:10"}
{"level":"warn","message":"⚠️  Redis indisponível. Filas de jobs (PDF, E-mail) desativadas. O servidor funcionará normalmente.","service":"plusticket","timestamp":"2026-08-13 01:08:10"}
{"level":"info","message":"✅ Banco de dados (MariaDB/MySQL) conectado","service":"plusticket","timestamp":"2026-08-13 01:09:32"}
{"level":"info","message":"✅ Socket.IO inicializado","service":"plusticket","timestamp":"2026-08-13 01:09:32"}
{"level":"info","message":"✅ E-mail configurado (Ethereal): vra45ou2kflacycb@ethereal.email","service":"plusticket","timestamp":"2026-08-13 01:09:33"}
{"level":"info","message":"📧 Visualizar e-mails em: https://ethereal.email/login","service":"plusticket","timestamp":"2026-08-13 01:09:33"}
{"level":"warn","message":"⚠️  Redis indisponível. Filas de jobs (PDF, E-mail) desativadas. O servidor funcionará normalmente.","service":"plusticket","timestamp":"2026-08-13 01:09:33"}
{"level":"warn","message":"⚠️  Filas BullMQ não criadas (Redis indisponível).","service":"plusticket","timestamp":"2026-08-13 01:09:33"}
{"level":"warn","message":"⚠️  Email Worker não iniciado (Redis indisponível)","service":"plusticket","timestamp":"2026-08-13 01:09:33"}
{"level":"warn","message":"⚠️  PDF Worker não iniciado (Redis indisponível)","service":"plusticket","timestamp":"2026-08-13 01:09:33"}
{"level":"warn","message":"⚠️  Payment Worker não iniciado (Redis indisponível)","service":"plusticket","timestamp":"2026-08-13 01:09:33"}
{"level":"info","message":"\n╔══════════════════════════════════════════════════╗\n║                                                  ║\n║   🎫 plusTicket API v1.0.0                       ║\n║                                                  ║\n║   🌐 Server:    http://localhost:3000            ║\n║   📊 Queues:    http://localhost:3000/admin/queues║\n║   💚 Health:    http://localhost:3000/api/health  ║\n║   🔌 WebSocket: ws://localhost:3000/dashboard    ║\n║                                                  ║\n║   📦 Ambiente: development                     ║\n║                                                  ║\n╚══════════════════════════════════════════════════╝\n      ","service":"plusticket","timestamp":"2026-08-13 01:09:33"}
{"level":"info","message":"Login: mirilo.bxd@gmail.com","service":"plusticket","timestamp":"2026-08-13 01:12:33"}
{"level":"info","message":"✅ Banco de dados (MariaDB/MySQL) conectado","service":"plusticket","timestamp":"2026-08-13 13:44:06"}
{"level":"info","message":"✅ Socket.IO inicializado","service":"plusticket","timestamp":"2026-08-13 13:44:06"}
{"level":"info","message":"✅ Banco de dados (MariaDB/MySQL) conectado","service":"plusticket","timestamp":"2026-08-13 13:44:07"}
{"level":"info","message":"✅ Socket.IO inicializado","service":"plusticket","timestamp":"2026-08-13 13:44:07"}
{"level":"info","message":"✅ E-mail configurado (Ethereal): s74g73sadyyhr64a@ethereal.email","service":"plusticket","timestamp":"2026-08-13 13:44:08"}
{"level":"info","message":"📧 Visualizar e-mails em: https://ethereal.email/login","service":"plusticket","timestamp":"2026-08-13 13:44:08"}
{"level":"warn","message":"⚠️  Redis indisponível. Filas de jobs (PDF, E-mail) desativadas. O servidor funcionará normalmente.","service":"plusticket","timestamp":"2026-08-13 13:44:08"}
{"level":"warn","message":"⚠️  Filas BullMQ não criadas (Redis indisponível).","service":"plusticket","timestamp":"2026-08-13 13:44:08"}
{"level":"warn","message":"⚠️  Email Worker não iniciado (Redis indisponível)","service":"plusticket","timestamp":"2026-08-13 13:44:08"}
{"level":"warn","message":"⚠️  PDF Worker não iniciado (Redis indisponível)","service":"plusticket","timestamp":"2026-08-13 13:44:08"}
{"level":"warn","message":"⚠️  Payment Worker não iniciado (Redis indisponível)","service":"plusticket","timestamp":"2026-08-13 13:44:08"}
{"level":"info","message":"\n╔══════════════════════════════════════════════════╗\n║                                                  ║\n║   🎫 plusTicket API v1.0.0                       ║\n║                                                  ║\n║   🌐 Server:    http://localhost:3000            ║\n║   📊 Queues:    http://localhost:3000/admin/queues║\n║   💚 Health:    http://localhost:3000/api/health  ║\n║   🔌 WebSocket: ws://localhost:3000/dashboard    ║\n║                                                  ║\n║   📦 Ambiente: development                     ║\n║                                                  ║\n╚══════════════════════════════════════════════════╝\n      ","service":"plusticket","timestamp":"2026-08-13 13:44:08"}
{"level":"info","message":"✅ Banco de dados (MariaDB/MySQL) conectado","service":"plusticket","timestamp":"2026-08-13 13:57:47"}
{"level":"info","message":"✅ Socket.IO inicializado","service":"plusticket","timestamp":"2026-08-13 13:57:47"}
{"level":"info","message":"✅ E-mail configurado (Ethereal): jl64rgwt5ajutufr@ethereal.email","service":"plusticket","timestamp":"2026-08-13 13:57:48"}
{"level":"info","message":"📧 Visualizar e-mails em: https://ethereal.email/login","service":"plusticket","timestamp":"2026-08-13 13:57:48"}
{"level":"warn","message":"⚠️  Redis indisponível. Filas de jobs (PDF, E-mail) desativadas. O servidor funcionará normalmente.","service":"plusticket","timestamp":"2026-08-13 13:57:48"}
{"level":"warn","message":"⚠️  Filas BullMQ não criadas (Redis indisponível).","service":"plusticket","timestamp":"2026-08-13 13:57:48"}
{"level":"warn","message":"⚠️  Email Worker não iniciado (Redis indisponível)","service":"plusticket","timestamp":"2026-08-13 13:57:48"}
{"level":"warn","message":"⚠️  PDF Worker não iniciado (Redis indisponível)","service":"plusticket","timestamp":"2026-08-13 13:57:48"}
{"level":"warn","message":"⚠️  Payment Worker não iniciado (Redis indisponível)","service":"plusticket","timestamp":"2026-08-13 13:57:48"}
{"level":"info","message":"\n╔══════════════════════════════════════════════════╗\n║                                                  ║\n║   🎫 plusTicket API v1.0.0                       ║\n║                                                  ║\n║   🌐 Server:    http://localhost:3000            ║\n║   📊 Queues:    http://localhost:3000/admin/queues║\n║   💚 Health:    http://localhost:3000/api/health  ║\n║   🔌 WebSocket: ws://localhost:3000/dashboard    ║\n║                                                  ║\n║   📦 Ambiente: development                     ║\n║                                                  ║\n╚══════════════════════════════════════════════════╝\n      ","service":"plusticket","timestamp":"2026-08-13 13:57:48"}
{"level":"info","message":"✅ Banco de dados (MariaDB/MySQL) conectado","service":"plusticket","timestamp":"2026-08-13 13:58:28"}
{"level":"info","message":"✅ Socket.IO inicializado","service":"plusticket","timestamp":"2026-08-13 13:58:28"}
{"level":"info","message":"✅ E-mail configurado (Ethereal): lowjijfevx4jlims@ethereal.email","service":"plusticket","timestamp":"2026-08-13 13:58:29"}
{"level":"info","message":"📧 Visualizar e-mails em: https://ethereal.email/login","service":"plusticket","timestamp":"2026-08-13 13:58:29"}
{"level":"warn","message":"⚠️  Redis indisponível. Filas de jobs (PDF, E-mail) desativadas. O servidor funcionará normalmente.","service":"plusticket","timestamp":"2026-08-13 13:58:29"}
{"level":"warn","message":"⚠️  Filas BullMQ não criadas (Redis indisponível).","service":"plusticket","timestamp":"2026-08-13 13:58:29"}
{"level":"warn","message":"⚠️  Email Worker não iniciado (Redis indisponível)","service":"plusticket","timestamp":"2026-08-13 13:58:29"}
{"level":"warn","message":"⚠️  PDF Worker não iniciado (Redis indisponível)","service":"plusticket","timestamp":"2026-08-13 13:58:29"}
{"level":"warn","message":"⚠️  Payment Worker não iniciado (Redis indisponível)","service":"plusticket","timestamp":"2026-08-13 13:58:29"}
{"level":"info","message":"\n╔══════════════════════════════════════════════════╗\n║                                                  ║\n║   🎫 plusTicket API v1.0.0                       ║\n║                                                  ║\n║   🌐 Server:    http://localhost:3000            ║\n║   📊 Queues:    http://localhost:3000/admin/queues║\n║   💚 Health:    http://localhost:3000/api/health  ║\n║   🔌 WebSocket: ws://localhost:3000/dashboard    ║\n║                                                  ║\n║   📦 Ambiente: development                     ║\n║                                                  ║\n╚══════════════════════════════════════════════════╝\n      ","service":"plusticket","timestamp":"2026-08-13 13:58:29"}
{"level":"info","message":"✅ Banco de dados (MariaDB/MySQL) conectado","service":"plusticket","timestamp":"2026-08-13 13:58:52"}
{"level":"info","message":"✅ Socket.IO inicializado","service":"plusticket","timestamp":"2026-08-13 13:58:52"}
{"level":"info","message":"✅ E-mail configurado (Ethereal): knoghzsgzo7hjk6t@ethereal.email","service":"plusticket","timestamp":"2026-08-13 13:58:53"}
{"level":"info","message":"📧 Visualizar e-mails em: https://ethereal.email/login","service":"plusticket","timestamp":"2026-08-13 13:58:53"}
{"level":"warn","message":"⚠️  Redis indisponível. Filas de jobs (PDF, E-mail) desativadas. O servidor funcionará normalmente.","service":"plusticket","timestamp":"2026-08-13 13:58:53"}
{"level":"warn","message":"⚠️  Filas BullMQ não criadas (Redis indisponível).","service":"plusticket","timestamp":"2026-08-13 13:58:53"}
{"level":"warn","message":"⚠️  Email Worker não iniciado (Redis indisponível)","service":"plusticket","timestamp":"2026-08-13 13:58:53"}
{"level":"warn","message":"⚠️  PDF Worker não iniciado (Redis indisponível)","service":"plusticket","timestamp":"2026-08-13 13:58:53"}
{"level":"warn","message":"⚠️  Payment Worker não iniciado (Redis indisponível)","service":"plusticket","timestamp":"2026-08-13 13:58:53"}
{"level":"info","message":"\n╔══════════════════════════════════════════════════╗\n║                                                  ║\n║   🎫 plusTicket API v1.0.0                       ║\n║                                                  ║\n║   🌐 Server:    http://localhost:3000            ║\n║   📊 Queues:    http://localhost:3000/admin/queues║\n║   💚 Health:    http://localhost:3000/api/health  ║\n║   🔌 WebSocket: ws://localhost:3000/dashboard    ║\n║                                                  ║\n║   📦 Ambiente: development                     ║\n║                                                  ║\n╚══════════════════════════════════════════════════╝\n      ","service":"plusticket","timestamp":"2026-08-13 13:58:53"}
{"level":"info","message":"✅ Banco de dados (MariaDB/MySQL) conectado","service":"plusticket","timestamp":"2026-08-13 13:59:03"}
{"level":"info","message":"✅ Socket.IO inicializado","service":"plusticket","timestamp":"2026-08-13 13:59:03"}
{"level":"info","message":"✅ E-mail configurado (Ethereal): q2l5e3knijp4sowr@ethereal.email","service":"plusticket","timestamp":"2026-08-13 13:59:04"}
{"level":"info","message":"📧 Visualizar e-mails em: https://ethereal.email/login","service":"plusticket","timestamp":"2026-08-13 13:59:04"}
{"level":"warn","message":"⚠️  Redis indisponível. Filas de jobs (PDF, E-mail) desativadas. O servidor funcionará normalmente.","service":"plusticket","timestamp":"2026-08-13 13:59:04"}
{"level":"warn","message":"⚠️  Filas BullMQ não criadas (Redis indisponível).","service":"plusticket","timestamp":"2026-08-13 13:59:04"}
{"level":"warn","message":"⚠️  Email Worker não iniciado (Redis indisponível)","service":"plusticket","timestamp":"2026-08-13 13:59:04"}
{"level":"warn","message":"⚠️  PDF Worker não iniciado (Redis indisponível)","service":"plusticket","timestamp":"2026-08-13 13:59:04"}
{"level":"warn","message":"⚠️  Payment Worker não iniciado (Redis indisponível)","service":"plusticket","timestamp":"2026-08-13 13:59:04"}
{"level":"info","message":"\n╔══════════════════════════════════════════════════╗\n║                                                  ║\n║   🎫 plusTicket API v1.0.0                       ║\n║                                                  ║\n║   🌐 Server:    http://localhost:3000            ║\n║   📊 Queues:    http://localhost:3000/admin/queues║\n║   💚 Health:    http://localhost:3000/api/health  ║\n║   🔌 WebSocket: ws://localhost:3000/dashboard    ║\n║                                                  ║\n║   📦 Ambiente: development                     ║\n║                                                  ║\n╚══════════════════════════════════════════════════╝\n      ","service":"plusticket","timestamp":"2026-08-13 13:59:04"}
{"level":"info","message":"✅ Banco de dados (MariaDB/MySQL) conectado","service":"plusticket","timestamp":"2026-08-13 13:59:10"}
{"level":"info","message":"✅ Socket.IO inicializado","service":"plusticket","timestamp":"2026-08-13 13:59:10"}
{"level":"info","message":"✅ E-mail configurado (Ethereal): bkmjpau36rhbolmz@ethereal.email","service":"plusticket","timestamp":"2026-08-13 13:59:11"}
{"level":"info","message":"📧 Visualizar e-mails em: https://ethereal.email/login","service":"plusticket","timestamp":"2026-08-13 13:59:11"}
{"level":"warn","message":"⚠️  Redis indisponível. Filas de jobs (PDF, E-mail) desativadas. O servidor funcionará normalmente.","service":"plusticket","timestamp":"2026-08-13 13:59:11"}
{"level":"warn","message":"⚠️  Filas BullMQ não criadas (Redis indisponível).","service":"plusticket","timestamp":"2026-08-13 13:59:11"}
{"level":"warn","message":"⚠️  Email Worker não iniciado (Redis indisponível)","service":"plusticket","timestamp":"2026-08-13 13:59:11"}
{"level":"warn","message":"⚠️  PDF Worker não iniciado (Redis indisponível)","service":"plusticket","timestamp":"2026-08-13 13:59:11"}
{"level":"warn","message":"⚠️  Payment Worker não iniciado (Redis indisponível)","service":"plusticket","timestamp":"2026-08-13 13:59:11"}
{"level":"info","message":"\n╔══════════════════════════════════════════════════╗\n║                                                  ║\n║   🎫 plusTicket API v1.0.0                       ║\n║                                                  ║\n║   🌐 Server:    http://localhost:3000            ║\n║   📊 Queues:    http://localhost:3000/admin/queues║\n║   💚 Health:    http://localhost:3000/api/health  ║\n║   🔌 WebSocket: ws://localhost:3000/dashboard    ║\n║                                                  ║\n║   📦 Ambiente: development                     ║\n║                                                  ║\n╚══════════════════════════════════════════════════╝\n      ","service":"plusticket","timestamp":"2026-08-13 13:59:11"}
{"level":"info","message":"✅ Banco de dados (MariaDB/MySQL) conectado","service":"plusticket","timestamp":"2026-08-13 13:59:18"}
{"level":"info","message":"✅ Socket.IO inicializado","service":"plusticket","timestamp":"2026-08-13 13:59:18"}
{"level":"info","message":"✅ E-mail configurado (Ethereal): aeq7miw3rm6erxvj@ethereal.email","service":"plusticket","timestamp":"2026-08-13 13:59:19"}
{"level":"info","message":"📧 Visualizar e-mails em: https://ethereal.email/login","service":"plusticket","timestamp":"2026-08-13 13:59:19"}
{"level":"warn","message":"⚠️  Redis indisponível. Filas de jobs (PDF, E-mail) desativadas. O servidor funcionará normalmente.","service":"plusticket","timestamp":"2026-08-13 13:59:19"}
{"level":"warn","message":"⚠️  Filas BullMQ não criadas (Redis indisponível).","service":"plusticket","timestamp":"2026-08-13 13:59:19"}
{"level":"warn","message":"⚠️  Email Worker não iniciado (Redis indisponível)","service":"plusticket","timestamp":"2026-08-13 13:59:19"}
{"level":"warn","message":"⚠️  PDF Worker não iniciado (Redis indisponível)","service":"plusticket","timestamp":"2026-08-13 13:59:19"}
{"level":"warn","message":"⚠️  Payment Worker não iniciado (Redis indisponível)","service":"plusticket","timestamp":"2026-08-13 13:59:19"}
{"level":"info","message":"\n╔══════════════════════════════════════════════════╗\n║                                                  ║\n║   🎫 plusTicket API v1.0.0                       ║\n║                                                  ║\n║   🌐 Server:    http://localhost:3000            ║\n║   📊 Queues:    http://localhost:3000/admin/queues║\n║   💚 Health:    http://localhost:3000/api/health  ║\n║   🔌 WebSocket: ws://localhost:3000/dashboard    ║\n║                                                  ║\n║   📦 Ambiente: development                     ║\n║                                                  ║\n╚══════════════════════════════════════════════════╝\n      ","service":"plusticket","timestamp":"2026-08-13 13:59:19"}
{"level":"info","message":"✅ Banco de dados (MariaDB/MySQL) conectado","service":"plusticket","timestamp":"2026-08-13 14:01:28"}
{"level":"info","message":"✅ Socket.IO inicializado","service":"plusticket","timestamp":"2026-08-13 14:01:28"}
{"level":"info","message":"✅ E-mail configurado (Ethereal): gltu4c7zti3xun24@ethereal.email","service":"plusticket","timestamp":"2026-08-13 14:01:29"}
{"level":"info","message":"📧 Visualizar e-mails em: https://ethereal.email/login","service":"plusticket","timestamp":"2026-08-13 14:01:29"}
{"level":"warn","message":"⚠️  Redis indisponível. Filas de jobs (PDF, E-mail) desativadas. O servidor funcionará normalmente.","service":"plusticket","timestamp":"2026-08-13 14:01:29"}
{"level":"info","message":"✅ Banco de dados (MariaDB/MySQL) conectado","service":"plusticket","timestamp":"2026-08-13 14:01:51"}
{"level":"info","message":"✅ Socket.IO inicializado","service":"plusticket","timestamp":"2026-08-13 14:01:51"}
{"level":"info","message":"✅ E-mail configurado (Ethereal): s3lpmluxcjuay3yw@ethereal.email","service":"plusticket","timestamp":"2026-08-13 14:01:52"}
{"level":"info","message":"📧 Visualizar e-mails em: https://ethereal.email/login","service":"plusticket","timestamp":"2026-08-13 14:01:52"}
{"level":"warn","message":"⚠️  Redis indisponível. Filas de jobs (PDF, E-mail) desativadas. O servidor funcionará normalmente.","service":"plusticket","timestamp":"2026-08-13 14:01:52"}
{"level":"warn","message":"⚠️  Filas BullMQ não criadas (Redis indisponível).","service":"plusticket","timestamp":"2026-08-13 14:01:52"}
{"level":"warn","message":"⚠️  Email Worker não iniciado (Redis indisponível)","service":"plusticket","timestamp":"2026-08-13 14:01:52"}
{"level":"warn","message":"⚠️  PDF Worker não iniciado (Redis indisponível)","service":"plusticket","timestamp":"2026-08-13 14:01:52"}
{"level":"warn","message":"⚠️  Payment Worker não iniciado (Redis indisponível)","service":"plusticket","timestamp":"2026-08-13 14:01:52"}
{"level":"info","message":"\n╔══════════════════════════════════════════════════╗\n║                                                  ║\n║   🎫 plusTicket API v1.0.0                       ║\n║                                                  ║\n║   🌐 Server:    http://localhost:3000            ║\n║   📊 Queues:    http://localhost:3000/admin/queues║\n║   💚 Health:    http://localhost:3000/api/health  ║\n║   🔌 WebSocket: ws://localhost:3000/dashboard    ║\n║                                                  ║\n║   📦 Ambiente: development                     ║\n║                                                  ║\n╚══════════════════════════════════════════════════╝\n      ","service":"plusticket","timestamp":"2026-08-13 14:01:52"}
{"level":"info","message":"Login: mirilo.bxd@gmail.com","service":"plusticket","timestamp":"2026-08-13 14:08:13"}
{"level":"info","message":"Login: murilo@gmail.com","service":"plusticket","timestamp":"2026-08-13 14:09:08"}
{"level":"info","message":"✅ Banco de dados (MariaDB/MySQL) conectado","service":"plusticket","timestamp":"2026-08-13 14:13:05"}
{"level":"info","message":"✅ Banco de dados (MariaDB/MySQL) conectado","service":"plusticket","timestamp":"2026-08-13 14:13:05"}
{"level":"info","message":"✅ Socket.IO inicializado","service":"plusticket","timestamp":"2026-08-13 14:13:06"}
{"level":"info","message":"✅ Socket.IO inicializado","service":"plusticket","timestamp":"2026-08-13 14:13:06"}
{"level":"info","message":"✅ E-mail configurado (Ethereal): j5g7rvvxfwbyoy6c@ethereal.email","service":"plusticket","timestamp":"2026-08-13 14:13:06"}
{"level":"info","message":"📧 Visualizar e-mails em: https://ethereal.email/login","service":"plusticket","timestamp":"2026-08-13 14:13:06"}
{"level":"warn","message":"⚠️  Redis indisponível. Filas de jobs (PDF, E-mail) desativadas. O servidor funcionará normalmente.","service":"plusticket","timestamp":"2026-08-13 14:13:06"}
{"level":"info","message":"✅ E-mail configurado (Ethereal): v5t7pi2mnnva5xik@ethereal.email","service":"plusticket","timestamp":"2026-08-13 14:13:06"}
{"level":"warn","message":"⚠️  Filas BullMQ não criadas (Redis indisponível).","service":"plusticket","timestamp":"2026-08-13 14:13:06"}
{"level":"warn","message":"⚠️  Email Worker não iniciado (Redis indisponível)","service":"plusticket","timestamp":"2026-08-13 14:13:06"}
{"level":"warn","message":"⚠️  PDF Worker não iniciado (Redis indisponível)","service":"plusticket","timestamp":"2026-08-13 14:13:06"}
{"level":"warn","message":"⚠️  Payment Worker não iniciado (Redis indisponível)","service":"plusticket","timestamp":"2026-08-13 14:13:06"}
{"level":"info","message":"\n╔══════════════════════════════════════════════════╗\n║                                                  ║\n║   🎫 plusTicket API v1.0.0                       ║\n║                                                  ║\n║   🌐 Server:    http://localhost:3000            ║\n║   📊 Queues:    http://localhost:3000/admin/queues║\n║   💚 Health:    http://localhost:3000/api/health  ║\n║   🔌 WebSocket: ws://localhost:3000/dashboard    ║\n║                                                  ║\n║   📦 Ambiente: development                     ║\n║                                                  ║\n╚══════════════════════════════════════════════════╝\n      ","service":"plusticket","timestamp":"2026-08-13 14:13:06"}
{"level":"info","message":"📧 Visualizar e-mails em: https://ethereal.email/login","service":"plusticket","timestamp":"2026-08-13 14:13:06"}
{"level":"warn","message":"⚠️  Redis indisponível. Filas de jobs (PDF, E-mail) desativadas. O servidor funcionará normalmente.","service":"plusticket","timestamp":"2026-08-13 14:13:06"}
{"level":"info","message":"✅ Banco de dados (MariaDB/MySQL) conectado","service":"plusticket","timestamp":"2026-08-13 14:16:15"}
{"level":"info","message":"✅ Socket.IO inicializado","service":"plusticket","timestamp":"2026-08-13 14:16:15"}
{"level":"info","message":"✅ E-mail configurado (Ethereal): tpf67rf374xvf7ma@ethereal.email","service":"plusticket","timestamp":"2026-08-13 14:16:16"}
{"level":"info","message":"📧 Visualizar e-mails em: https://ethereal.email/login","service":"plusticket","timestamp":"2026-08-13 14:16:16"}
{"level":"warn","message":"⚠️  Redis indisponível. Filas de jobs (PDF, E-mail) desativadas. O servidor funcionará normalmente.","service":"plusticket","timestamp":"2026-08-13 14:16:16"}
{"level":"warn","message":"⚠️  Filas BullMQ não criadas (Redis indisponível).","service":"plusticket","timestamp":"2026-08-13 14:16:16"}
{"level":"warn","message":"⚠️  Email Worker não iniciado (Redis indisponível)","service":"plusticket","timestamp":"2026-08-13 14:16:16"}
{"level":"warn","message":"⚠️  PDF Worker não iniciado (Redis indisponível)","service":"plusticket","timestamp":"2026-08-13 14:16:16"}
{"level":"warn","message":"⚠️  Payment Worker não iniciado (Redis indisponível)","service":"plusticket","timestamp":"2026-08-13 14:16:16"}
{"level":"info","message":"\n╔══════════════════════════════════════════════════╗\n║                                                  ║\n║   🎫 plusTicket API v1.0.0                       ║\n║                                                  ║\n║   🌐 Server:    http://localhost:3000            ║\n║   📊 Queues:    http://localhost:3000/admin/queues║\n║   💚 Health:    http://localhost:3000/api/health  ║\n║   🔌 WebSocket: ws://localhost:3000/dashboard    ║\n║                                                  ║\n║   📦 Ambiente: development                     ║\n║                                                  ║\n╚══════════════════════════════════════════════════╝\n      ","service":"plusticket","timestamp":"2026-08-13 14:16:16"}
{"level":"info","message":"Login: murilo@gmail.com","service":"plusticket","timestamp":"2026-08-13 14:18:28"}
{"level":"info","message":"Login: mirilo.bxd@gmail.com","service":"plusticket","timestamp":"2026-08-13 14:19:19"}
{"level":"info","message":"✅ Banco de dados (MariaDB/MySQL) conectado","service":"plusticket","timestamp":"2026-08-13 14:21:04"}
{"level":"info","message":"✅ Socket.IO inicializado","service":"plusticket","timestamp":"2026-08-13 14:21:04"}
{"level":"info","message":"✅ Banco de dados (MariaDB/MySQL) conectado","service":"plusticket","timestamp":"2026-08-13 14:21:04"}
{"level":"info","message":"✅ Socket.IO inicializado","service":"plusticket","timestamp":"2026-08-13 14:21:04"}
{"level":"info","message":"✅ Banco de dados (MariaDB/MySQL) conectado","service":"plusticket","timestamp":"2026-08-13 14:21:04"}
{"level":"info","message":"✅ Socket.IO inicializado","service":"plusticket","timestamp":"2026-08-13 14:21:04"}
{"level":"info","message":"✅ E-mail configurado (Ethereal): uobfvyngf62pwitn@ethereal.email","service":"plusticket","timestamp":"2026-08-13 14:21:05"}
{"level":"info","message":"📧 Visualizar e-mails em: https://ethereal.email/login","service":"plusticket","timestamp":"2026-08-13 14:21:05"}
{"level":"warn","message":"⚠️  Redis indisponível. Filas de jobs (PDF, E-mail) desativadas. O servidor funcionará normalmente.","service":"plusticket","timestamp":"2026-08-13 14:21:05"}
{"level":"warn","message":"⚠️  Filas BullMQ não criadas (Redis indisponível).","service":"plusticket","timestamp":"2026-08-13 14:21:05"}
{"level":"warn","message":"⚠️  Email Worker não iniciado (Redis indisponível)","service":"plusticket","timestamp":"2026-08-13 14:21:05"}
{"level":"warn","message":"⚠️  PDF Worker não iniciado (Redis indisponível)","service":"plusticket","timestamp":"2026-08-13 14:21:05"}
{"level":"warn","message":"⚠️  Payment Worker não iniciado (Redis indisponível)","service":"plusticket","timestamp":"2026-08-13 14:21:05"}
{"level":"info","message":"\n╔══════════════════════════════════════════════════╗\n║                                                  ║\n║   🎫 plusTicket API v1.0.0                       ║\n║                                                  ║\n║   🌐 Server:    http://localhost:3000            ║\n║   📊 Queues:    http://localhost:3000/admin/queues║\n║   💚 Health:    http://localhost:3000/api/health  ║\n║   🔌 WebSocket: ws://localhost:3000/dashboard    ║\n║                                                  ║\n║   📦 Ambiente: development                     ║\n║                                                  ║\n╚══════════════════════════════════════════════════╝\n      ","service":"plusticket","timestamp":"2026-08-13 14:21:05"}
{"level":"info","message":"✅ E-mail configurado (Ethereal): cw22sidemdgqwzzr@ethereal.email","service":"plusticket","timestamp":"2026-08-13 14:21:05"}
{"level":"info","message":"📧 Visualizar e-mails em: https://ethereal.email/login","service":"plusticket","timestamp":"2026-08-13 14:21:05"}
{"level":"warn","message":"⚠️  Redis indisponível. Filas de jobs (PDF, E-mail) desativadas. O servidor funcionará normalmente.","service":"plusticket","timestamp":"2026-08-13 14:21:05"}
{"level":"info","message":"✅ E-mail configurado (Ethereal): nmxthqu2eil4ykje@ethereal.email","service":"plusticket","timestamp":"2026-08-13 14:21:05"}
{"level":"info","message":"📧 Visualizar e-mails em: https://ethereal.email/login","service":"plusticket","timestamp":"2026-08-13 14:21:05"}
{"level":"warn","message":"⚠️  Redis indisponível. Filas de jobs (PDF, E-mail) desativadas. O servidor funcionará normalmente.","service":"plusticket","timestamp":"2026-08-13 14:21:05"}
{"level":"info","message":"✅ Banco de dados (MariaDB/MySQL) conectado","service":"plusticket","timestamp":"2026-08-13 14:22:03"}
{"level":"info","message":"✅ Socket.IO inicializado","service":"plusticket","timestamp":"2026-08-13 14:22:03"}
{"level":"info","message":"✅ E-mail configurado (Ethereal): ppshqxh5klirl63r@ethereal.email","service":"plusticket","timestamp":"2026-08-13 14:22:04"}
{"level":"info","message":"📧 Visualizar e-mails em: https://ethereal.email/login","service":"plusticket","timestamp":"2026-08-13 14:22:04"}
{"level":"warn","message":"⚠️  Redis indisponível. Filas de jobs (PDF, E-mail) desativadas. O servidor funcionará normalmente.","service":"plusticket","timestamp":"2026-08-13 14:22:04"}
{"level":"warn","message":"⚠️  Filas BullMQ não criadas (Redis indisponível).","service":"plusticket","timestamp":"2026-08-13 14:22:04"}
{"level":"warn","message":"⚠️  Email Worker não iniciado (Redis indisponível)","service":"plusticket","timestamp":"2026-08-13 14:22:04"}
{"level":"warn","message":"⚠️  PDF Worker não iniciado (Redis indisponível)","service":"plusticket","timestamp":"2026-08-13 14:22:04"}
{"level":"warn","message":"⚠️  Payment Worker não iniciado (Redis indisponível)","service":"plusticket","timestamp":"2026-08-13 14:22:04"}
{"level":"info","message":"\n╔══════════════════════════════════════════════════╗\n║                                                  ║\n║   🎫 plusTicket API v1.0.0                       ║\n║                                                  ║\n║   🌐 Server:    http://localhost:3000            ║\n║   📊 Queues:    http://localhost:3000/admin/queues║\n║   💚 Health:    http://localhost:3000/api/health  ║\n║   🔌 WebSocket: ws://localhost:3000/dashboard    ║\n║                                                  ║\n║   📦 Ambiente: development                     ║\n║                                                  ║\n╚══════════════════════════════════════════════════╝\n      ","service":"plusticket","timestamp":"2026-08-13 14:22:04"}
{"level":"info","message":"Login: murilo@gmail.com","service":"plusticket","timestamp":"2026-08-13 14:23:26"}
{"level":"error","message":"Erro não tratado: Cannot read properties of undefined (reading 'map')","method":"POST","path":"/api/events","service":"plusticket","stack":"TypeError: Cannot read properties of undefined (reading 'map')\n    at C:\\Users\\Daten\\Desktop\\plusTicket\\server\\src\\middlewares\\validate.js:13:42\n    at Layer.handle [as handle_request] (C:\\Users\\Daten\\Desktop\\plusTicket\\server\\node_modules\\express\\lib\\router\\layer.js:95:5)\n    at next (C:\\Users\\Daten\\Desktop\\plusTicket\\server\\node_modules\\express\\lib\\router\\route.js:149:13)\n    at C:\\Users\\Daten\\Desktop\\plusTicket\\server\\src\\middlewares\\roleGuard.js:20:5\n    at Layer.handle [as handle_request] (C:\\Users\\Daten\\Desktop\\plusTicket\\server\\node_modules\\express\\lib\\router\\layer.js:95:5)\n    at next (C:\\Users\\Daten\\Desktop\\plusTicket\\server\\node_modules\\express\\lib\\router\\route.js:149:13)\n    at authMiddleware (C:\\Users\\Daten\\Desktop\\plusTicket\\server\\src\\middlewares\\auth.js:41:5)","timestamp":"2026-08-13 14:23:50"}
{"level":"error","message":"Erro não tratado: Cannot read properties of undefined (reading 'map')","method":"POST","path":"/api/events","service":"plusticket","stack":"TypeError: Cannot read properties of undefined (reading 'map')\n    at C:\\Users\\Daten\\Desktop\\plusTicket\\server\\src\\middlewares\\validate.js:13:42\n    at Layer.handle [as handle_request] (C:\\Users\\Daten\\Desktop\\plusTicket\\server\\node_modules\\express\\lib\\router\\layer.js:95:5)\n    at next (C:\\Users\\Daten\\Desktop\\plusTicket\\server\\node_modules\\express\\lib\\router\\route.js:149:13)\n    at C:\\Users\\Daten\\Desktop\\plusTicket\\server\\src\\middlewares\\roleGuard.js:20:5\n    at Layer.handle [as handle_request] (C:\\Users\\Daten\\Desktop\\plusTicket\\server\\node_modules\\express\\lib\\router\\layer.js:95:5)\n    at next (C:\\Users\\Daten\\Desktop\\plusTicket\\server\\node_modules\\express\\lib\\router\\route.js:149:13)\n    at authMiddleware (C:\\Users\\Daten\\Desktop\\plusTicket\\server\\src\\middlewares\\auth.js:41:5)","timestamp":"2026-08-13 14:25:45"}
{"level":"info","message":"✅ Banco de dados (MariaDB/MySQL) conectado","service":"plusticket","timestamp":"2026-08-14 01:12:46"}
{"level":"info","message":"✅ Banco de dados (MariaDB/MySQL) conectado","service":"plusticket","timestamp":"2026-08-14 01:12:46"}
{"level":"info","message":"✅ Banco de dados (MariaDB/MySQL) conectado","service":"plusticket","timestamp":"2026-08-14 01:12:46"}
{"level":"info","message":"✅ Banco de dados (MariaDB/MySQL) conectado","service":"plusticket","timestamp":"2026-08-14 01:12:46"}
{"level":"info","message":"✅ Banco de dados (MariaDB/MySQL) conectado","service":"plusticket","timestamp":"2026-08-14 01:12:48"}
{"level":"info","message":"✅ Banco de dados (MariaDB/MySQL) conectado","service":"plusticket","timestamp":"2026-08-14 01:12:48"}
{"level":"info","message":"✅ Socket.IO inicializado","service":"plusticket","timestamp":"2026-08-14 01:12:48"}
{"level":"info","message":"✅ Socket.IO inicializado","service":"plusticket","timestamp":"2026-08-14 01:12:48"}
{"level":"info","message":"✅ Banco de dados (MariaDB/MySQL) conectado","service":"plusticket","timestamp":"2026-08-14 01:12:48"}
{"level":"info","message":"✅ Socket.IO inicializado","service":"plusticket","timestamp":"2026-08-14 01:12:48"}
{"level":"info","message":"✅ Banco de dados (MariaDB/MySQL) conectado","service":"plusticket","timestamp":"2026-08-14 01:12:48"}
{"level":"info","message":"✅ Socket.IO inicializado","service":"plusticket","timestamp":"2026-08-14 01:12:48"}
{"level":"info","message":"✅ E-mail configurado (Ethereal): aok2wlbrspgwq2ze@ethereal.email","service":"plusticket","timestamp":"2026-08-14 01:12:49"}
{"level":"info","message":"✅ E-mail configurado (Ethereal): zh4nhr5744xn6hp4@ethereal.email","service":"plusticket","timestamp":"2026-08-14 01:12:49"}
{"level":"info","message":"📧 Visualizar e-mails em: https://ethereal.email/login","service":"plusticket","timestamp":"2026-08-14 01:12:49"}
{"level":"warn","message":"⚠️  Redis indisponível. Filas de jobs (PDF, E-mail) desativadas. O servidor funcionará normalmente.","service":"plusticket","timestamp":"2026-08-14 01:12:49"}
{"level":"info","message":"📧 Visualizar e-mails em: https://ethereal.email/login","service":"plusticket","timestamp":"2026-08-14 01:12:49"}
{"level":"warn","message":"⚠️  Redis indisponível. Filas de jobs (PDF, E-mail) desativadas. O servidor funcionará normalmente.","service":"plusticket","timestamp":"2026-08-14 01:12:49"}
{"level":"warn","message":"⚠️  Filas BullMQ não criadas (Redis indisponível).","service":"plusticket","timestamp":"2026-08-14 01:12:49"}
{"level":"warn","message":"⚠️  Email Worker não iniciado (Redis indisponível)","service":"plusticket","timestamp":"2026-08-14 01:12:49"}
{"level":"warn","message":"⚠️  PDF Worker não iniciado (Redis indisponível)","service":"plusticket","timestamp":"2026-08-14 01:12:49"}
{"level":"warn","message":"⚠️  Payment Worker não iniciado (Redis indisponível)","service":"plusticket","timestamp":"2026-08-14 01:12:49"}
{"level":"info","message":"\n╔══════════════════════════════════════════════════╗\n║                                                  ║\n║   🎫 plusTicket API v1.0.0                       ║\n║                                                  ║\n║   🌐 Server:    http://localhost:3000            ║\n║   📊 Queues:    http://localhost:3000/admin/queues║\n║   💚 Health:    http://localhost:3000/api/health  ║\n║   🔌 WebSocket: ws://localhost:3000/dashboard    ║\n║                                                  ║\n║   📦 Ambiente: development                     ║\n║                                                  ║\n╚══════════════════════════════════════════════════╝\n      ","service":"plusticket","timestamp":"2026-08-14 01:12:49"}
{"level":"info","message":"✅ E-mail configurado (Ethereal): r6oejuhe5xbo4fr7@ethereal.email","service":"plusticket","timestamp":"2026-08-14 01:12:49"}
{"level":"info","message":"✅ E-mail configurado (Ethereal): xlkcozctklpcnjzy@ethereal.email","service":"plusticket","timestamp":"2026-08-14 01:12:49"}
{"level":"info","message":"📧 Visualizar e-mails em: https://ethereal.email/login","service":"plusticket","timestamp":"2026-08-14 01:12:49"}
{"level":"warn","message":"⚠️  Redis indisponível. Filas de jobs (PDF, E-mail) desativadas. O servidor funcionará normalmente.","service":"plusticket","timestamp":"2026-08-14 01:12:49"}
{"level":"info","message":"📧 Visualizar e-mails em: https://ethereal.email/login","service":"plusticket","timestamp":"2026-08-14 01:12:49"}
{"level":"warn","message":"⚠️  Redis indisponível. Filas de jobs (PDF, E-mail) desativadas. O servidor funcionará normalmente.","service":"plusticket","timestamp":"2026-08-14 01:12:49"}
{"level":"error","message":"Erro não tratado: Cannot read properties of undefined (reading 'map')","method":"POST","path":"/api/events","service":"plusticket","stack":"TypeError: Cannot read properties of undefined (reading 'map')\n    at C:\\Users\\Daten\\Desktop\\plusTicket\\server\\src\\middlewares\\validate.js:13:42\n    at Layer.handle [as handle_request] (C:\\Users\\Daten\\Desktop\\plusTicket\\server\\node_modules\\express\\lib\\router\\layer.js:95:5)\n    at next (C:\\Users\\Daten\\Desktop\\plusTicket\\server\\node_modules\\express\\lib\\router\\route.js:149:13)\n    at C:\\Users\\Daten\\Desktop\\plusTicket\\server\\src\\middlewares\\roleGuard.js:20:5\n    at Layer.handle [as handle_request] (C:\\Users\\Daten\\Desktop\\plusTicket\\server\\node_modules\\express\\lib\\router\\layer.js:95:5)\n    at next (C:\\Users\\Daten\\Desktop\\plusTicket\\server\\node_modules\\express\\lib\\router\\route.js:149:13)\n    at authMiddleware (C:\\Users\\Daten\\Desktop\\plusTicket\\server\\src\\middlewares\\auth.js:41:5)","timestamp":"2026-08-14 01:13:16"}
{"level":"info","message":"✅ Banco de dados (MariaDB/MySQL) conectado","service":"plusticket","timestamp":"2026-08-14 01:13:18"}
{"level":"info","message":"✅ Socket.IO inicializado","service":"plusticket","timestamp":"2026-08-14 01:13:18"}
{"level":"info","message":"✅ E-mail configurado (Ethereal): p6jxp4j6aykhqf6h@ethereal.email","service":"plusticket","timestamp":"2026-08-14 01:13:19"}
{"level":"info","message":"📧 Visualizar e-mails em: https://ethereal.email/login","service":"plusticket","timestamp":"2026-08-14 01:13:19"}
{"level":"warn","message":"⚠️  Redis indisponível. Filas de jobs (PDF, E-mail) desativadas. O servidor funcionará normalmente.","service":"plusticket","timestamp":"2026-08-14 01:13:19"}
{"level":"warn","message":"⚠️  Filas BullMQ não criadas (Redis indisponível).","service":"plusticket","timestamp":"2026-08-14 01:13:19"}
{"level":"warn","message":"⚠️  Email Worker não iniciado (Redis indisponível)","service":"plusticket","timestamp":"2026-08-14 01:13:19"}
{"level":"warn","message":"⚠️  PDF Worker não iniciado (Redis indisponível)","service":"plusticket","timestamp":"2026-08-14 01:13:19"}
{"level":"warn","message":"⚠️  Payment Worker não iniciado (Redis indisponível)","service":"plusticket","timestamp":"2026-08-14 01:13:19"}
{"level":"info","message":"\n╔══════════════════════════════════════════════════╗\n║                                                  ║\n║   🎫 plusTicket API v1.0.0                       ║\n║                                                  ║\n║   🌐 Server:    http://localhost:3000            ║\n║   📊 Queues:    http://localhost:3000/admin/queues║\n║   💚 Health:    http://localhost:3000/api/health  ║\n║   🔌 WebSocket: ws://localhost:3000/dashboard    ║\n║                                                  ║\n║   📦 Ambiente: development                     ║\n║                                                  ║\n╚══════════════════════════════════════════════════╝\n      ","service":"plusticket","timestamp":"2026-08-14 01:13:19"}
{"level":"info","message":"Login: mirilo.bxd@gmail.com","service":"plusticket","timestamp":"2026-08-14 01:13:36"}
{"level":"error","message":"Erro não tratado: Cannot read properties of undefined (reading 'map')","method":"POST","path":"/api/tickets/purchase","service":"plusticket","stack":"TypeError: Cannot read properties of undefined (reading 'map')\n    at C:\\Users\\Daten\\Desktop\\plusTicket\\server\\src\\middlewares\\validate.js:13:42\n    at Layer.handle [as handle_request] (C:\\Users\\Daten\\Desktop\\plusTicket\\server\\node_modules\\express\\lib\\router\\layer.js:95:5)\n    at next (C:\\Users\\Daten\\Desktop\\plusTicket\\server\\node_modules\\express\\lib\\router\\route.js:149:13)\n    at authMiddleware (C:\\Users\\Daten\\Desktop\\plusTicket\\server\\src\\middlewares\\auth.js:41:5)","timestamp":"2026-08-14 01:13:50"}
{"level":"info","message":"✅ Banco de dados (MariaDB/MySQL) conectado","service":"plusticket","timestamp":"2026-08-14 01:18:40"}
{"level":"info","message":"✅ Socket.IO inicializado","service":"plusticket","timestamp":"2026-08-14 01:18:40"}
{"level":"info","message":"✅ E-mail configurado (Ethereal): lr4penuew574jc4i@ethereal.email","service":"plusticket","timestamp":"2026-08-14 01:18:41"}
{"level":"info","message":"📧 Visualizar e-mails em: https://ethereal.email/login","service":"plusticket","timestamp":"2026-08-14 01:18:41"}
{"level":"warn","message":"⚠️  Redis indisponível. Filas de jobs (PDF, E-mail) desativadas. O servidor funcionará normalmente.","service":"plusticket","timestamp":"2026-08-14 01:18:41"}
{"level":"warn","message":"⚠️  Filas BullMQ não criadas (Redis indisponível).","service":"plusticket","timestamp":"2026-08-14 01:18:41"}
{"level":"warn","message":"⚠️  Email Worker não iniciado (Redis indisponível)","service":"plusticket","timestamp":"2026-08-14 01:18:41"}
{"level":"warn","message":"⚠️  PDF Worker não iniciado (Redis indisponível)","service":"plusticket","timestamp":"2026-08-14 01:18:41"}
{"level":"warn","message":"⚠️  Payment Worker não iniciado (Redis indisponível)","service":"plusticket","timestamp":"2026-08-14 01:18:41"}
{"level":"info","message":"\n╔══════════════════════════════════════════════════╗\n║                                                  ║\n║   🎫 plusTicket API v1.0.0                       ║\n║                                                  ║\n║   🌐 Server:    http://localhost:3000            ║\n║   📊 Queues:    http://localhost:3000/admin/queues║\n║   💚 Health:    http://localhost:3000/api/health  ║\n║   🔌 WebSocket: ws://localhost:3000/dashboard    ║\n║                                                  ║\n║   📦 Ambiente: development                     ║\n║                                                  ║\n╚══════════════════════════════════════════════════╝\n      ","service":"plusticket","timestamp":"2026-08-14 01:18:41"}
{"level":"error","message":"Erro não tratado: Cannot read properties of undefined (reading 'map')","method":"POST","path":"/api/tickets/purchase","service":"plusticket","stack":"TypeError: Cannot read properties of undefined (reading 'map')\n    at C:\\Users\\Daten\\Desktop\\plusTicket\\server\\src\\middlewares\\validate.js:13:42\n    at Layer.handle [as handle_request] (C:\\Users\\Daten\\Desktop\\plusTicket\\server\\node_modules\\express\\lib\\router\\layer.js:95:5)\n    at next (C:\\Users\\Daten\\Desktop\\plusTicket\\server\\node_modules\\express\\lib\\router\\route.js:149:13)\n    at authMiddleware (C:\\Users\\Daten\\Desktop\\plusTicket\\server\\src\\middlewares\\auth.js:41:5)","timestamp":"2026-08-14 01:19:28"}
{"level":"error","message":"Erro não tratado: Cannot read properties of undefined (reading 'map')","method":"POST","path":"/api/tickets/purchase","service":"plusticket","stack":"TypeError: Cannot read properties of undefined (reading 'map')\n    at C:\\Users\\Daten\\Desktop\\plusTicket\\server\\src\\middlewares\\validate.js:13:42\n    at Layer.handle [as handle_request] (C:\\Users\\Daten\\Desktop\\plusTicket\\server\\node_modules\\express\\lib\\router\\layer.js:95:5)\n    at next (C:\\Users\\Daten\\Desktop\\plusTicket\\server\\node_modules\\express\\lib\\router\\route.js:149:13)\n    at authMiddleware (C:\\Users\\Daten\\Desktop\\plusTicket\\server\\src\\middlewares\\auth.js:41:5)","timestamp":"2026-08-14 01:19:32"}
{"level":"info","message":"✅ Banco de dados (MariaDB/MySQL) conectado","service":"plusticket","timestamp":"2026-08-14 01:21:18"}
{"level":"info","message":"✅ Banco de dados (MariaDB/MySQL) conectado","service":"plusticket","timestamp":"2026-08-14 01:21:18"}
{"level":"info","message":"✅ Socket.IO inicializado","service":"plusticket","timestamp":"2026-08-14 01:21:18"}
{"level":"info","message":"✅ Socket.IO inicializado","service":"plusticket","timestamp":"2026-08-14 01:21:18"}
{"level":"info","message":"✅ Banco de dados (MariaDB/MySQL) conectado","service":"plusticket","timestamp":"2026-08-14 01:21:18"}
{"level":"info","message":"✅ Socket.IO inicializado","service":"plusticket","timestamp":"2026-08-14 01:21:18"}
{"level":"info","message":"✅ Banco de dados (MariaDB/MySQL) conectado","service":"plusticket","timestamp":"2026-08-14 01:21:18"}
{"level":"info","message":"✅ Socket.IO inicializado","service":"plusticket","timestamp":"2026-08-14 01:21:18"}
{"level":"info","message":"✅ Banco de dados (MariaDB/MySQL) conectado","service":"plusticket","timestamp":"2026-08-14 01:21:19"}
{"level":"info","message":"✅ Socket.IO inicializado","service":"plusticket","timestamp":"2026-08-14 01:21:19"}
{"level":"info","message":"✅ E-mail configurado (Ethereal): wkwi7h5wnfdazarc@ethereal.email","service":"plusticket","timestamp":"2026-08-14 01:21:19"}
{"level":"info","message":"✅ E-mail configurado (Ethereal): u7v4lqb53aojl67b@ethereal.email","service":"plusticket","timestamp":"2026-08-14 01:21:19"}
{"level":"info","message":"✅ E-mail configurado (Ethereal): duxpjvfqajagi3no@ethereal.email","service":"plusticket","timestamp":"2026-08-14 01:21:19"}
{"level":"info","message":"📧 Visualizar e-mails em: https://ethereal.email/login","service":"plusticket","timestamp":"2026-08-14 01:21:19"}
{"level":"info","message":"📧 Visualizar e-mails em: https://ethereal.email/login","service":"plusticket","timestamp":"2026-08-14 01:21:19"}
{"level":"info","message":"📧 Visualizar e-mails em: https://ethereal.email/login","service":"plusticket","timestamp":"2026-08-14 01:21:19"}
{"level":"warn","message":"⚠️  Redis indisponível. Filas de jobs (PDF, E-mail) desativadas. O servidor funcionará normalmente.","service":"plusticket","timestamp":"2026-08-14 01:21:19"}
{"level":"warn","message":"⚠️  Redis indisponível. Filas de jobs (PDF, E-mail) desativadas. O servidor funcionará normalmente.","service":"plusticket","timestamp":"2026-08-14 01:21:19"}
{"level":"warn","message":"⚠️  Redis indisponível. Filas de jobs (PDF, E-mail) desativadas. O servidor funcionará normalmente.","service":"plusticket","timestamp":"2026-08-14 01:21:19"}
{"level":"warn","message":"⚠️  Filas BullMQ não criadas (Redis indisponível).","service":"plusticket","timestamp":"2026-08-14 01:21:19"}
{"level":"warn","message":"⚠️  Email Worker não iniciado (Redis indisponível)","service":"plusticket","timestamp":"2026-08-14 01:21:19"}
{"level":"warn","message":"⚠️  PDF Worker não iniciado (Redis indisponível)","service":"plusticket","timestamp":"2026-08-14 01:21:19"}
{"level":"warn","message":"⚠️  Payment Worker não iniciado (Redis indisponível)","service":"plusticket","timestamp":"2026-08-14 01:21:19"}
{"level":"info","message":"\n╔══════════════════════════════════════════════════╗\n║                                                  ║\n║   🎫 plusTicket API v1.0.0                       ║\n║                                                  ║\n║   🌐 Server:    http://localhost:3000            ║\n║   📊 Queues:    http://localhost:3000/admin/queues║\n║   💚 Health:    http://localhost:3000/api/health  ║\n║   🔌 WebSocket: ws://localhost:3000/dashboard    ║\n║                                                  ║\n║   📦 Ambiente: development                     ║\n║                                                  ║\n╚══════════════════════════════════════════════════╝\n      ","service":"plusticket","timestamp":"2026-08-14 01:21:19"}
{"level":"info","message":"✅ E-mail configurado (Ethereal): yd2232z2wuf2463i@ethereal.email","service":"plusticket","timestamp":"2026-08-14 01:21:19"}
{"level":"info","message":"📧 Visualizar e-mails em: https://ethereal.email/login","service":"plusticket","timestamp":"2026-08-14 01:21:19"}
{"level":"warn","message":"⚠️  Redis indisponível. Filas de jobs (PDF, E-mail) desativadas. O servidor funcionará normalmente.","service":"plusticket","timestamp":"2026-08-14 01:21:19"}
{"level":"info","message":"✅ E-mail configurado (Ethereal): z63pbybvtye2pwhr@ethereal.email","service":"plusticket","timestamp":"2026-08-14 01:21:20"}
{"level":"info","message":"📧 Visualizar e-mails em: https://ethereal.email/login","service":"plusticket","timestamp":"2026-08-14 01:21:20"}
{"level":"warn","message":"⚠️  Redis indisponível. Filas de jobs (PDF, E-mail) desativadas. O servidor funcionará normalmente.","service":"plusticket","timestamp":"2026-08-14 01:21:20"}
{"level":"info","message":"✅ Banco de dados (MariaDB/MySQL) conectado","service":"plusticket","timestamp":"2026-08-14 01:22:05"}
{"level":"info","message":"✅ Socket.IO inicializado","service":"plusticket","timestamp":"2026-08-14 01:22:05"}
{"level":"info","message":"✅ E-mail configurado (Ethereal): bblra3inpr4hmecs@ethereal.email","service":"plusticket","timestamp":"2026-08-14 01:22:06"}
{"level":"info","message":"📧 Visualizar e-mails em: https://ethereal.email/login","service":"plusticket","timestamp":"2026-08-14 01:22:06"}
{"level":"warn","message":"⚠️  Redis indisponível. Filas de jobs (PDF, E-mail) desativadas. O servidor funcionará normalmente.","service":"plusticket","timestamp":"2026-08-14 01:22:06"}
{"level":"warn","message":"⚠️  Filas BullMQ não criadas (Redis indisponível).","service":"plusticket","timestamp":"2026-08-14 01:22:06"}
{"level":"warn","message":"⚠️  Email Worker não iniciado (Redis indisponível)","service":"plusticket","timestamp":"2026-08-14 01:22:06"}
{"level":"warn","message":"⚠️  PDF Worker não iniciado (Redis indisponível)","service":"plusticket","timestamp":"2026-08-14 01:22:06"}
{"level":"warn","message":"⚠️  Payment Worker não iniciado (Redis indisponível)","service":"plusticket","timestamp":"2026-08-14 01:22:06"}
{"level":"info","message":"\n╔══════════════════════════════════════════════════╗\n║                                                  ║\n║   🎫 plusTicket API v1.0.0                       ║\n║                                                  ║\n║   🌐 Server:    http://localhost:3000            ║\n║   📊 Queues:    http://localhost:3000/admin/queues║\n║   💚 Health:    http://localhost:3000/api/health  ║\n║   🔌 WebSocket: ws://localhost:3000/dashboard    ║\n║                                                  ║\n║   📦 Ambiente: development                     ║\n║                                                  ║\n╚══════════════════════════════════════════════════╝\n      ","service":"plusticket","timestamp":"2026-08-14 01:22:06"}
{"level":"error","message":"Erro não tratado: Cannot read properties of undefined (reading 'map')","method":"POST","path":"/api/tickets/purchase","service":"plusticket","stack":"TypeError: Cannot read properties of undefined (reading 'map')\n    at C:\\Users\\Daten\\Desktop\\plusTicket\\server\\src\\middlewares\\validate.js:13:42\n    at Layer.handle [as handle_request] (C:\\Users\\Daten\\Desktop\\plusTicket\\server\\node_modules\\express\\lib\\router\\layer.js:95:5)\n    at next (C:\\Users\\Daten\\Desktop\\plusTicket\\server\\node_modules\\express\\lib\\router\\route.js:149:13)\n    at authMiddleware (C:\\Users\\Daten\\Desktop\\plusTicket\\server\\src\\middlewares\\auth.js:41:5)","timestamp":"2026-08-14 01:23:23"}
{"level":"error","message":"Erro não tratado: Cannot read properties of undefined (reading 'map')","method":"POST","path":"/api/tickets/purchase","service":"plusticket","stack":"TypeError: Cannot read properties of undefined (reading 'map')\n    at C:\\Users\\Daten\\Desktop\\plusTicket\\server\\src\\middlewares\\validate.js:13:42\n    at Layer.handle [as handle_request] (C:\\Users\\Daten\\Desktop\\plusTicket\\server\\node_modules\\express\\lib\\router\\layer.js:95:5)\n    at next (C:\\Users\\Daten\\Desktop\\plusTicket\\server\\node_modules\\express\\lib\\router\\route.js:149:13)\n    at authMiddleware (C:\\Users\\Daten\\Desktop\\plusTicket\\server\\src\\middlewares\\auth.js:41:5)","timestamp":"2026-08-14 01:23:34"}
{"level":"info","message":"Login: murilo@gmail.com","service":"plusticket","timestamp":"2026-08-14 01:24:26"}
{"level":"error","message":"Erro não tratado: Cannot read properties of undefined (reading 'map')","method":"POST","path":"/api/events","service":"plusticket","stack":"TypeError: Cannot read properties of undefined (reading 'map')\n    at C:\\Users\\Daten\\Desktop\\plusTicket\\server\\src\\middlewares\\validate.js:13:42\n    at Layer.handle [as handle_request] (C:\\Users\\Daten\\Desktop\\plusTicket\\server\\node_modules\\express\\lib\\router\\layer.js:95:5)\n    at next (C:\\Users\\Daten\\Desktop\\plusTicket\\server\\node_modules\\express\\lib\\router\\route.js:149:13)\n    at C:\\Users\\Daten\\Desktop\\plusTicket\\server\\src\\middlewares\\roleGuard.js:20:5\n    at Layer.handle [as handle_request] (C:\\Users\\Daten\\Desktop\\plusTicket\\server\\node_modules\\express\\lib\\router\\layer.js:95:5)\n    at next (C:\\Users\\Daten\\Desktop\\plusTicket\\server\\node_modules\\express\\lib\\router\\route.js:149:13)\n    at authMiddleware (C:\\Users\\Daten\\Desktop\\plusTicket\\server\\src\\middlewares\\auth.js:41:5)","timestamp":"2026-08-14 01:24:40"}
{"level":"error","message":"Erro não tratado: Cannot read properties of undefined (reading 'map')","method":"POST","path":"/api/checkin","service":"plusticket","stack":"TypeError: Cannot read properties of undefined (reading 'map')\n    at C:\\Users\\Daten\\Desktop\\plusTicket\\server\\src\\middlewares\\validate.js:13:42\n    at Layer.handle [as handle_request] (C:\\Users\\Daten\\Desktop\\plusTicket\\server\\node_modules\\express\\lib\\router\\layer.js:95:5)\n    at next (C:\\Users\\Daten\\Desktop\\plusTicket\\server\\node_modules\\express\\lib\\router\\route.js:149:13)\n    at C:\\Users\\Daten\\Desktop\\plusTicket\\server\\src\\middlewares\\roleGuard.js:20:5\n    at Layer.handle [as handle_request] (C:\\Users\\Daten\\Desktop\\plusTicket\\server\\node_modules\\express\\lib\\router\\layer.js:95:5)\n    at next (C:\\Users\\Daten\\Desktop\\plusTicket\\server\\node_modules\\express\\lib\\router\\route.js:149:13)\n    at authMiddleware (C:\\Users\\Daten\\Desktop\\plusTicket\\server\\src\\middlewares\\auth.js:41:5)","timestamp":"2026-08-14 01:25:42"}
{"level":"error","message":"Erro não tratado: Cannot read properties of undefined (reading 'map')","method":"POST","path":"/api/tickets/purchase","service":"plusticket","stack":"TypeError: Cannot read properties of undefined (reading 'map')\n    at C:\\Users\\Daten\\Desktop\\plusTicket\\server\\src\\middlewares\\validate.js:13:42\n    at Layer.handle [as handle_request] (C:\\Users\\Daten\\Desktop\\plusTicket\\server\\node_modules\\express\\lib\\router\\layer.js:95:5)\n    at next (C:\\Users\\Daten\\Desktop\\plusTicket\\server\\node_modules\\express\\lib\\router\\route.js:149:13)\n    at authMiddleware (C:\\Users\\Daten\\Desktop\\plusTicket\\server\\src\\middlewares\\auth.js:41:5)","timestamp":"2026-08-14 01:26:29"}
{"level":"error","message":"Erro não tratado: Contas de organizador não possuem aba de ingressos.","method":"GET","path":"/api/tickets/my-tickets","service":"plusticket","stack":"Error: Contas de organizador não possuem aba de ingressos.\n    at TicketsService.getMyTickets (C:\\Users\\Daten\\Desktop\\plusTicket\\server\\src\\modules\\tickets\\tickets.service.js:282:27)\n    at async getMyTickets (C:\\Users\\Daten\\Desktop\\plusTicket\\server\\src\\modules\\tickets\\tickets.controller.js:61:47)","timestamp":"2026-08-14 01:26:29"}
{"level":"error","message":"Erro não tratado: Contas de organizador não possuem aba de ingressos.","method":"GET","path":"/api/tickets/my-tickets","service":"plusticket","stack":"Error: Contas de organizador não possuem aba de ingressos.\n    at TicketsService.getMyTickets (C:\\Users\\Daten\\Desktop\\plusTicket\\server\\src\\modules\\tickets\\tickets.service.js:282:27)\n    at async getMyTickets (C:\\Users\\Daten\\Desktop\\plusTicket\\server\\src\\modules\\tickets\\tickets.controller.js:61:47)","timestamp":"2026-08-14 01:26:29"}
{"level":"error","message":"Erro não tratado: Cannot read properties of undefined (reading 'map')","method":"POST","path":"/api/events","service":"plusticket","stack":"TypeError: Cannot read properties of undefined (reading 'map')\n    at C:\\Users\\Daten\\Desktop\\plusTicket\\server\\src\\middlewares\\validate.js:13:42\n    at Layer.handle [as handle_request] (C:\\Users\\Daten\\Desktop\\plusTicket\\server\\node_modules\\express\\lib\\router\\layer.js:95:5)\n    at next (C:\\Users\\Daten\\Desktop\\plusTicket\\server\\node_modules\\express\\lib\\router\\route.js:149:13)\n    at C:\\Users\\Daten\\Desktop\\plusTicket\\server\\src\\middlewares\\roleGuard.js:20:5\n    at Layer.handle [as handle_request] (C:\\Users\\Daten\\Desktop\\plusTicket\\server\\node_modules\\express\\lib\\router\\layer.js:95:5)\n    at next (C:\\Users\\Daten\\Desktop\\plusTicket\\server\\node_modules\\express\\lib\\router\\route.js:149:13)\n    at authMiddleware (C:\\Users\\Daten\\Desktop\\plusTicket\\server\\src\\middlewares\\auth.js:41:5)","timestamp":"2026-08-14 01:27:21"}
{"level":"info","message":"✅ Banco de dados (MariaDB/MySQL) conectado","service":"plusticket","timestamp":"2026-08-14 01:30:37"}
{"level":"info","message":"✅ Banco de dados (MariaDB/MySQL) conectado","service":"plusticket","timestamp":"2026-08-14 01:30:37"}
{"level":"info","message":"✅ Banco de dados (MariaDB/MySQL) conectado","service":"plusticket","timestamp":"2026-08-14 01:30:37"}
{"level":"info","message":"✅ Socket.IO inicializado","service":"plusticket","timestamp":"2026-08-14 01:30:37"}
{"level":"info","message":"✅ Socket.IO inicializado","service":"plusticket","timestamp":"2026-08-14 01:30:37"}
{"level":"info","message":"✅ Socket.IO inicializado","service":"plusticket","timestamp":"2026-08-14 01:30:37"}
{"level":"info","message":"✅ Banco de dados (MariaDB/MySQL) conectado","service":"plusticket","timestamp":"2026-08-14 01:30:37"}
{"level":"info","message":"✅ Socket.IO inicializado","service":"plusticket","timestamp":"2026-08-14 01:30:37"}
{"level":"info","message":"✅ Banco de dados (MariaDB/MySQL) conectado","service":"plusticket","timestamp":"2026-08-14 01:30:37"}
{"level":"info","message":"✅ Socket.IO inicializado","service":"plusticket","timestamp":"2026-08-14 01:30:37"}
{"level":"info","message":"✅ Banco de dados (MariaDB/MySQL) conectado","service":"plusticket","timestamp":"2026-08-14 01:30:38"}
{"level":"info","message":"✅ Socket.IO inicializado","service":"plusticket","timestamp":"2026-08-14 01:30:38"}
{"level":"info","message":"✅ E-mail configurado (Ethereal): omgdts5rxmodlwkn@ethereal.email","service":"plusticket","timestamp":"2026-08-14 01:30:38"}
{"level":"info","message":"📧 Visualizar e-mails em: https://ethereal.email/login","service":"plusticket","timestamp":"2026-08-14 01:30:38"}
{"level":"warn","message":"⚠️  Redis indisponível. Filas de jobs (PDF, E-mail) desativadas. O servidor funcionará normalmente.","service":"plusticket","timestamp":"2026-08-14 01:30:38"}
{"level":"info","message":"✅ E-mail configurado (Ethereal): ytsnddj4ssrce4el@ethereal.email","service":"plusticket","timestamp":"2026-08-14 01:30:38"}
{"level":"info","message":"✅ E-mail configurado (Ethereal): yn4tsq3jlnwxyupt@ethereal.email","service":"plusticket","timestamp":"2026-08-14 01:30:38"}
{"level":"info","message":"📧 Visualizar e-mails em: https://ethereal.email/login","service":"plusticket","timestamp":"2026-08-14 01:30:38"}
{"level":"info","message":"📧 Visualizar e-mails em: https://ethereal.email/login","service":"plusticket","timestamp":"2026-08-14 01:30:38"}
{"level":"warn","message":"⚠️  Filas BullMQ não criadas (Redis indisponível).","service":"plusticket","timestamp":"2026-08-14 01:30:38"}
{"level":"warn","message":"⚠️  Email Worker não iniciado (Redis indisponível)","service":"plusticket","timestamp":"2026-08-14 01:30:38"}
{"level":"warn","message":"⚠️  PDF Worker não iniciado (Redis indisponível)","service":"plusticket","timestamp":"2026-08-14 01:30:38"}
{"level":"warn","message":"⚠️  Payment Worker não iniciado (Redis indisponível)","service":"plusticket","timestamp":"2026-08-14 01:30:38"}
{"level":"info","message":"\n╔══════════════════════════════════════════════════╗\n║                                                  ║\n║   🎫 plusTicket API v1.0.0                       ║\n║                                                  ║\n║   🌐 Server:    http://localhost:3000            ║\n║   📊 Queues:    http://localhost:3000/admin/queues║\n║   💚 Health:    http://localhost:3000/api/health  ║\n║   🔌 WebSocket: ws://localhost:3000/dashboard    ║\n║                                                  ║\n║   📦 Ambiente: development                     ║\n║                                                  ║\n╚══════════════════════════════════════════════════╝\n      ","service":"plusticket","timestamp":"2026-08-14 01:30:38"}
{"level":"warn","message":"⚠️  Redis indisponível. Filas de jobs (PDF, E-mail) desativadas. O servidor funcionará normalmente.","service":"plusticket","timestamp":"2026-08-14 01:30:38"}
{"level":"warn","message":"⚠️  Redis indisponível. Filas de jobs (PDF, E-mail) desativadas. O servidor funcionará normalmente.","service":"plusticket","timestamp":"2026-08-14 01:30:38"}
{"level":"info","message":"✅ E-mail configurado (Ethereal): kflh55cwj7wpu6w3@ethereal.email","service":"plusticket","timestamp":"2026-08-14 01:30:38"}
{"level":"info","message":"📧 Visualizar e-mails em: https://ethereal.email/login","service":"plusticket","timestamp":"2026-08-14 01:30:38"}
{"level":"warn","message":"⚠️  Redis indisponível. Filas de jobs (PDF, E-mail) desativadas. O servidor funcionará normalmente.","service":"plusticket","timestamp":"2026-08-14 01:30:38"}
{"level":"info","message":"✅ E-mail configurado (Ethereal): hn3jf4n5pi6peb7u@ethereal.email","service":"plusticket","timestamp":"2026-08-14 01:30:38"}
{"level":"info","message":"📧 Visualizar e-mails em: https://ethereal.email/login","service":"plusticket","timestamp":"2026-08-14 01:30:38"}
{"level":"warn","message":"⚠️  Redis indisponível. Filas de jobs (PDF, E-mail) desativadas. O servidor funcionará normalmente.","service":"plusticket","timestamp":"2026-08-14 01:30:38"}
{"level":"info","message":"✅ E-mail configurado (Ethereal): zrqyvrmqkargw7mj@ethereal.email","service":"plusticket","timestamp":"2026-08-14 01:30:39"}
{"level":"info","message":"📧 Visualizar e-mails em: https://ethereal.email/login","service":"plusticket","timestamp":"2026-08-14 01:30:39"}
{"level":"warn","message":"⚠️  Redis indisponível. Filas de jobs (PDF, E-mail) desativadas. O servidor funcionará normalmente.","service":"plusticket","timestamp":"2026-08-14 01:30:39"}
{"level":"info","message":"✅ Banco de dados (MariaDB/MySQL) conectado","service":"plusticket","timestamp":"2026-08-14 01:31:12"}
{"level":"info","message":"✅ Socket.IO inicializado","service":"plusticket","timestamp":"2026-08-14 01:31:12"}
{"level":"info","message":"✅ E-mail configurado (Ethereal): bk365ovfqrq5xvbd@ethereal.email","service":"plusticket","timestamp":"2026-08-14 01:31:13"}
{"level":"info","message":"📧 Visualizar e-mails em: https://ethereal.email/login","service":"plusticket","timestamp":"2026-08-14 01:31:13"}
{"level":"warn","message":"⚠️  Redis indisponível. Filas de jobs (PDF, E-mail) desativadas. O servidor funcionará normalmente.","service":"plusticket","timestamp":"2026-08-14 01:31:13"}
{"level":"warn","message":"⚠️  Filas BullMQ não criadas (Redis indisponível).","service":"plusticket","timestamp":"2026-08-14 01:31:13"}
{"level":"warn","message":"⚠️  Email Worker não iniciado (Redis indisponível)","service":"plusticket","timestamp":"2026-08-14 01:31:13"}
{"level":"warn","message":"⚠️  PDF Worker não iniciado (Redis indisponível)","service":"plusticket","timestamp":"2026-08-14 01:31:13"}
{"level":"warn","message":"⚠️  Payment Worker não iniciado (Redis indisponível)","service":"plusticket","timestamp":"2026-08-14 01:31:13"}
{"level":"info","message":"\n╔══════════════════════════════════════════════════╗\n║                                                  ║\n║   🎫 plusTicket API v1.0.0                       ║\n║                                                  ║\n║   🌐 Server:    http://localhost:3000            ║\n║   📊 Queues:    http://localhost:3000/admin/queues║\n║   💚 Health:    http://localhost:3000/api/health  ║\n║   🔌 WebSocket: ws://localhost:3000/dashboard    ║\n║                                                  ║\n║   📦 Ambiente: development                     ║\n║                                                  ║\n╚══════════════════════════════════════════════════╝\n      ","service":"plusticket","timestamp":"2026-08-14 01:31:13"}
{"level":"error","message":"Erro não tratado: Cannot read properties of undefined (reading 'map')","method":"POST","path":"/api/events","service":"plusticket","stack":"TypeError: Cannot read properties of undefined (reading 'map')\n    at C:\\Users\\Daten\\Desktop\\plusTicket\\server\\src\\middlewares\\validate.js:13:42\n    at Layer.handle [as handle_request] (C:\\Users\\Daten\\Desktop\\plusTicket\\server\\node_modules\\express\\lib\\router\\layer.js:95:5)\n    at next (C:\\Users\\Daten\\Desktop\\plusTicket\\server\\node_modules\\express\\lib\\router\\route.js:149:13)\n    at C:\\Users\\Daten\\Desktop\\plusTicket\\server\\src\\middlewares\\roleGuard.js:20:5\n    at Layer.handle [as handle_request] (C:\\Users\\Daten\\Desktop\\plusTicket\\server\\node_modules\\express\\lib\\router\\layer.js:95:5)\n    at next (C:\\Users\\Daten\\Desktop\\plusTicket\\server\\node_modules\\express\\lib\\router\\route.js:149:13)\n    at authMiddleware (C:\\Users\\Daten\\Desktop\\plusTicket\\server\\src\\middlewares\\auth.js:41:5)","timestamp":"2026-08-14 01:32:07"}
{"level":"info","message":"Login: mirilo.bxd@gmail.com","service":"plusticket","timestamp":"2026-08-14 01:32:26"}
{"level":"error","message":"Erro não tratado: Cannot read properties of undefined (reading 'map')","method":"POST","path":"/api/tickets/purchase","service":"plusticket","stack":"TypeError: Cannot read properties of undefined (reading 'map')\n    at C:\\Users\\Daten\\Desktop\\plusTicket\\server\\src\\middlewares\\validate.js:13:42\n    at Layer.handle [as handle_request] (C:\\Users\\Daten\\Desktop\\plusTicket\\server\\node_modules\\express\\lib\\router\\layer.js:95:5)\n    at next (C:\\Users\\Daten\\Desktop\\plusTicket\\server\\node_modules\\express\\lib\\router\\route.js:149:13)\n    at authMiddleware (C:\\Users\\Daten\\Desktop\\plusTicket\\server\\src\\middlewares\\auth.js:41:5)","timestamp":"2026-08-14 01:32:39"}
{"level":"info","message":"✅ Banco de dados (MariaDB/MySQL) conectado","service":"plusticket","timestamp":"2026-08-17 02:11:17"}
{"level":"info","message":"✅ Socket.IO inicializado","service":"plusticket","timestamp":"2026-08-17 02:11:17"}
{"level":"info","message":"✅ Banco de dados (MariaDB/MySQL) conectado","service":"plusticket","timestamp":"2026-08-17 02:11:18"}
{"level":"info","message":"✅ Socket.IO inicializado","service":"plusticket","timestamp":"2026-08-17 02:11:18"}
{"level":"info","message":"✅ E-mail configurado (Ethereal): qj2tyt7n7czwn2uh@ethereal.email","service":"plusticket","timestamp":"2026-08-17 02:11:19"}
{"level":"info","message":"📧 Visualizar e-mails em: https://ethereal.email/login","service":"plusticket","timestamp":"2026-08-17 02:11:19"}
{"level":"warn","message":"⚠️  Redis indisponível. Filas de jobs (PDF, E-mail) desativadas. O servidor funcionará normalmente.","service":"plusticket","timestamp":"2026-08-17 02:11:19"}
{"level":"warn","message":"⚠️  Filas BullMQ não criadas (Redis indisponível).","service":"plusticket","timestamp":"2026-08-17 02:11:19"}
{"level":"warn","message":"⚠️  Email Worker não iniciado (Redis indisponível)","service":"plusticket","timestamp":"2026-08-17 02:11:19"}
{"level":"warn","message":"⚠️  PDF Worker não iniciado (Redis indisponível)","service":"plusticket","timestamp":"2026-08-17 02:11:19"}
{"level":"warn","message":"⚠️  Payment Worker não iniciado (Redis indisponível)","service":"plusticket","timestamp":"2026-08-17 02:11:19"}
{"level":"info","message":"\n╔══════════════════════════════════════════════════╗\n║                                                  ║\n║   🎫 plusTicket API v1.0.0                       ║\n║                                                  ║\n║   🌐 Server:    http://localhost:3000            ║\n║   📊 Queues:    http://localhost:3000/admin/queues║\n║   💚 Health:    http://localhost:3000/api/health  ║\n║   🔌 WebSocket: ws://localhost:3000/dashboard    ║\n║                                                  ║\n║   📦 Ambiente: development                     ║\n║                                                  ║\n╚══════════════════════════════════════════════════╝\n      ","service":"plusticket","timestamp":"2026-08-17 02:11:19"}
{"level":"info","message":"✅ Banco de dados (MariaDB/MySQL) conectado","service":"plusticket","timestamp":"2026-08-17 02:25:08"}
{"level":"info","message":"✅ Socket.IO inicializado","service":"plusticket","timestamp":"2026-08-17 02:25:08"}
{"level":"info","message":"✅ E-mail configurado (Ethereal): rrdey2ftkusc7jec@ethereal.email","service":"plusticket","timestamp":"2026-08-17 02:25:10"}
{"level":"info","message":"📧 Visualizar e-mails em: https://ethereal.email/login","service":"plusticket","timestamp":"2026-08-17 02:25:10"}
{"level":"warn","message":"⚠️  Redis indisponível. Filas de jobs (PDF, E-mail) desativadas. O servidor funcionará normalmente.","service":"plusticket","timestamp":"2026-08-17 02:25:10"}
{"level":"info","message":"✅ Banco de dados (MariaDB/MySQL) conectado","service":"plusticket","timestamp":"2026-08-17 02:25:20"}
{"level":"info","message":"✅ Socket.IO inicializado","service":"plusticket","timestamp":"2026-08-17 02:25:20"}
{"level":"info","message":"✅ E-mail configurado (Ethereal): lthwpmkebpfkqsxk@ethereal.email","service":"plusticket","timestamp":"2026-08-17 02:25:21"}
{"level":"info","message":"📧 Visualizar e-mails em: https://ethereal.email/login","service":"plusticket","timestamp":"2026-08-17 02:25:21"}
{"level":"warn","message":"⚠️  Redis indisponível. Filas de jobs (PDF, E-mail) desativadas. O servidor funcionará normalmente.","service":"plusticket","timestamp":"2026-08-17 02:25:21"}
{"level":"warn","message":"⚠️  Filas BullMQ não criadas (Redis indisponível).","service":"plusticket","timestamp":"2026-08-17 02:25:21"}
{"level":"warn","message":"⚠️  Email Worker não iniciado (Redis indisponível)","service":"plusticket","timestamp":"2026-08-17 02:25:21"}
{"level":"warn","message":"⚠️  PDF Worker não iniciado (Redis indisponível)","service":"plusticket","timestamp":"2026-08-17 02:25:21"}
{"level":"warn","message":"⚠️  Payment Worker não iniciado (Redis indisponível)","service":"plusticket","timestamp":"2026-08-17 02:25:21"}
{"level":"info","message":"\n╔══════════════════════════════════════════════════╗\n║                                                  ║\n║   🎫 plusTicket API v1.0.0                       ║\n║                                                  ║\n║   🌐 Server:    http://localhost:3000            ║\n║   📊 Queues:    http://localhost:3000/admin/queues║\n║   💚 Health:    http://localhost:3000/api/health  ║\n║   🔌 WebSocket: ws://localhost:3000/dashboard    ║\n║                                                  ║\n║   📦 Ambiente: development                     ║\n║                                                  ║\n╚══════════════════════════════════════════════════╝\n      ","service":"plusticket","timestamp":"2026-08-17 02:25:21"}
{"level":"info","message":"✅ Banco de dados (MariaDB/MySQL) conectado","service":"plusticket","timestamp":"2026-08-17 02:33:17"}
{"level":"info","message":"✅ Socket.IO inicializado","service":"plusticket","timestamp":"2026-08-17 02:33:17"}
{"level":"info","message":"✅ E-mail configurado (Ethereal): ofnfyawndpkj3eac@ethereal.email","service":"plusticket","timestamp":"2026-08-17 02:33:18"}
{"level":"info","message":"📧 Visualizar e-mails em: https://ethereal.email/login","service":"plusticket","timestamp":"2026-08-17 02:33:18"}
{"level":"warn","message":"⚠️  Redis indisponível. Filas de jobs (PDF, E-mail) desativadas. O servidor funcionará normalmente.","service":"plusticket","timestamp":"2026-08-17 02:33:18"}
{"level":"warn","message":"⚠️  Filas BullMQ não criadas (Redis indisponível).","service":"plusticket","timestamp":"2026-08-17 02:33:18"}
{"level":"warn","message":"⚠️  Email Worker não iniciado (Redis indisponível)","service":"plusticket","timestamp":"2026-08-17 02:33:18"}
{"level":"warn","message":"⚠️  PDF Worker não iniciado (Redis indisponível)","service":"plusticket","timestamp":"2026-08-17 02:33:18"}
{"level":"warn","message":"⚠️  Payment Worker não iniciado (Redis indisponível)","service":"plusticket","timestamp":"2026-08-17 02:33:18"}
{"level":"info","message":"\n╔══════════════════════════════════════════════════╗\n║                                                  ║\n║   🎫 plusTicket API v1.0.0                       ║\n║                                                  ║\n║   🌐 Server:    http://localhost:3000            ║\n║   📊 Queues:    http://localhost:3000/admin/queues║\n║   💚 Health:    http://localhost:3000/api/health  ║\n║   🔌 WebSocket: ws://localhost:3000/dashboard    ║\n║                                                  ║\n║   📦 Ambiente: development                     ║\n║                                                  ║\n╚══════════════════════════════════════════════════╝\n      ","service":"plusticket","timestamp":"2026-08-17 02:33:18"}
{"level":"info","message":"Novo usuário registrado: sousa@gmail.com (ORGANIZER)","service":"plusticket","timestamp":"2026-08-17 02:42:12"}
{"level":"info","message":"Evento criado: Festival de Verão 2026 (80f33394-1951-440b-abf2-6a4a547dfa64)","service":"plusticket","timestamp":"2026-08-17 02:42:32"}
{"level":"error","message":"Erro não tratado: \nInvalid `prisma.$queryRaw()` invocation:\n\n\nRaw query failed. Code: `1054`. Message: `Unknown column 'checked_at' in 'field list'`","method":"GET","path":"/api/dashboard/events/80f33394-1951-440b-abf2-6a4a547dfa64/live","service":"plusticket","stack":"PrismaClientKnownRequestError: \nInvalid `prisma.$queryRaw()` invocation:\n\n\nRaw query failed. Code: `1054`. Message: `Unknown column 'checked_at' in 'field list'`\n    at $n.handleRequestError (C:\\Users\\Daten\\Desktop\\plusTicket\\server\\node_modules\\@prisma\\client\\runtime\\library.js:121:7315)\n    at $n.handleAndLogRequestError (C:\\Users\\Daten\\Desktop\\plusTicket\\server\\node_modules\\@prisma\\client\\runtime\\library.js:121:6623)\n    at $n.request (C:\\Users\\Daten\\Desktop\\plusTicket\\server\\node_modules\\@prisma\\client\\runtime\\library.js:121:6307)\n    at async l (C:\\Users\\Daten\\Desktop\\plusTicket\\server\\node_modules\\@prisma\\client\\runtime\\library.js:130:9633)\n    at async DashboardService.getLiveData (C:\\Users\\Daten\\Desktop\\plusTicket\\server\\src\\modules\\dashboard\\dashboard.service.js:45:28)\n    at async getLiveData (C:\\Users\\Daten\\Desktop\\plusTicket\\server\\src\\modules\\dashboard\\dashboard.controller.js:7:20)","timestamp":"2026-08-17 02:43:15"}
{"level":"error","message":"Erro não tratado: \nInvalid `prisma.$queryRaw()` invocation:\n\n\nRaw query failed. Code: `1054`. Message: `Unknown column 'checked_at' in 'field list'`","method":"GET","path":"/api/dashboard/events/80f33394-1951-440b-abf2-6a4a547dfa64/live","service":"plusticket","stack":"PrismaClientKnownRequestError: \nInvalid `prisma.$queryRaw()` invocation:\n\n\nRaw query failed. Code: `1054`. Message: `Unknown column 'checked_at' in 'field list'`\n    at $n.handleRequestError (C:\\Users\\Daten\\Desktop\\plusTicket\\server\\node_modules\\@prisma\\client\\runtime\\library.js:121:7315)\n    at $n.handleAndLogRequestError (C:\\Users\\Daten\\Desktop\\plusTicket\\server\\node_modules\\@prisma\\client\\runtime\\library.js:121:6623)\n    at $n.request (C:\\Users\\Daten\\Desktop\\plusTicket\\server\\node_modules\\@prisma\\client\\runtime\\library.js:121:6307)\n    at async l (C:\\Users\\Daten\\Desktop\\plusTicket\\server\\node_modules\\@prisma\\client\\runtime\\library.js:130:9633)\n    at async DashboardService.getLiveData (C:\\Users\\Daten\\Desktop\\plusTicket\\server\\src\\modules\\dashboard\\dashboard.service.js:45:28)\n    at async getLiveData (C:\\Users\\Daten\\Desktop\\plusTicket\\server\\src\\modules\\dashboard\\dashboard.controller.js:7:20)","timestamp":"2026-08-17 02:43:27"}
{"level":"error","message":"Erro não tratado: Cannot read properties of undefined (reading 'map')","method":"POST","path":"/api/events","service":"plusticket","stack":"TypeError: Cannot read properties of undefined (reading 'map')\n    at C:\\Users\\Daten\\Desktop\\plusTicket\\server\\src\\middlewares\\validate.js:13:42\n    at Layer.handle [as handle_request] (C:\\Users\\Daten\\Desktop\\plusTicket\\server\\node_modules\\express\\lib\\router\\layer.js:95:5)\n    at next (C:\\Users\\Daten\\Desktop\\plusTicket\\server\\node_modules\\express\\lib\\router\\route.js:149:13)\n    at C:\\Users\\Daten\\Desktop\\plusTicket\\server\\src\\middlewares\\roleGuard.js:20:5\n    at Layer.handle [as handle_request] (C:\\Users\\Daten\\Desktop\\plusTicket\\server\\node_modules\\express\\lib\\router\\layer.js:95:5)\n    at next (C:\\Users\\Daten\\Desktop\\plusTicket\\server\\node_modules\\express\\lib\\router\\route.js:149:13)\n    at authMiddleware (C:\\Users\\Daten\\Desktop\\plusTicket\\server\\src\\middlewares\\auth.js:41:5)","timestamp":"2026-08-17 02:43:40"}
{"level":"info","message":"Login: mirilo.bxd@gmail.com","service":"plusticket","timestamp":"2026-08-17 02:45:28"}
{"level":"info","message":"Login: sousa@gmail.com","service":"plusticket","timestamp":"2026-08-17 03:05:46"}
{"level":"error","message":"Erro não tratado: Cannot read properties of undefined (reading 'map')","method":"POST","path":"/api/events","service":"plusticket","stack":"TypeError: Cannot read properties of undefined (reading 'map')\n    at C:\\Users\\Daten\\Desktop\\plusTicket\\server\\src\\middlewares\\validate.js:13:42\n    at Layer.handle [as handle_request] (C:\\Users\\Daten\\Desktop\\plusTicket\\server\\node_modules\\express\\lib\\router\\layer.js:95:5)\n    at next (C:\\Users\\Daten\\Desktop\\plusTicket\\server\\node_modules\\express\\lib\\router\\route.js:149:13)\n    at C:\\Users\\Daten\\Desktop\\plusTicket\\server\\src\\middlewares\\roleGuard.js:20:5\n    at Layer.handle [as handle_request] (C:\\Users\\Daten\\Desktop\\plusTicket\\server\\node_modules\\express\\lib\\router\\layer.js:95:5)\n    at next (C:\\Users\\Daten\\Desktop\\plusTicket\\server\\node_modules\\express\\lib\\router\\route.js:149:13)\n    at authMiddleware (C:\\Users\\Daten\\Desktop\\plusTicket\\server\\src\\middlewares\\auth.js:41:5)","timestamp":"2026-08-17 03:06:03"}
{"level":"error","message":"Erro não tratado: Cannot read properties of undefined (reading 'map')","method":"POST","path":"/api/events","service":"plusticket","stack":"TypeError: Cannot read properties of undefined (reading 'map')\n    at C:\\Users\\Daten\\Desktop\\plusTicket\\server\\src\\middlewares\\validate.js:13:42\n    at Layer.handle [as handle_request] (C:\\Users\\Daten\\Desktop\\plusTicket\\server\\node_modules\\express\\lib\\router\\layer.js:95:5)\n    at next (C:\\Users\\Daten\\Desktop\\plusTicket\\server\\node_modules\\express\\lib\\router\\route.js:149:13)\n    at C:\\Users\\Daten\\Desktop\\plusTicket\\server\\src\\middlewares\\roleGuard.js:20:5\n    at Layer.handle [as handle_request] (C:\\Users\\Daten\\Desktop\\plusTicket\\server\\node_modules\\express\\lib\\router\\layer.js:95:5)\n    at next (C:\\Users\\Daten\\Desktop\\plusTicket\\server\\node_modules\\express\\lib\\router\\route.js:149:13)\n    at authMiddleware (C:\\Users\\Daten\\Desktop\\plusTicket\\server\\src\\middlewares\\auth.js:41:5)","timestamp":"2026-08-17 03:11:49"}
{"level":"error","message":"Erro não tratado: Cannot read properties of undefined (reading 'map')","method":"POST","path":"/api/events","service":"plusticket","stack":"TypeError: Cannot read properties of undefined (reading 'map')\n    at C:\\Users\\Daten\\Desktop\\plusTicket\\server\\src\\middlewares\\validate.js:13:42\n    at Layer.handle [as handle_request] (C:\\Users\\Daten\\Desktop\\plusTicket\\server\\node_modules\\express\\lib\\router\\layer.js:95:5)\n    at next (C:\\Users\\Daten\\Desktop\\plusTicket\\server\\node_modules\\express\\lib\\router\\route.js:149:13)\n    at C:\\Users\\Daten\\Desktop\\plusTicket\\server\\src\\middlewares\\roleGuard.js:20:5\n    at Layer.handle [as handle_request] (C:\\Users\\Daten\\Desktop\\plusTicket\\server\\node_modules\\express\\lib\\router\\layer.js:95:5)\n    at next (C:\\Users\\Daten\\Desktop\\plusTicket\\server\\node_modules\\express\\lib\\router\\route.js:149:13)\n    at authMiddleware (C:\\Users\\Daten\\Desktop\\plusTicket\\server\\src\\middlewares\\auth.js:41:5)","timestamp":"2026-08-17 03:12:24"}
{"level":"info","message":"\nSIGINT recebido. Encerrando...","service":"plusticket","timestamp":"2026-08-17 03:14:18"}
{"level":"info","message":"Servidor encerrado","service":"plusticket","timestamp":"2026-08-17 03:14:18"}
{"level":"info","message":"✅ Banco de dados (MariaDB/MySQL) conectado","service":"plusticket","timestamp":"2026-08-17 03:14:23"}
{"level":"info","message":"✅ Socket.IO inicializado","service":"plusticket","timestamp":"2026-08-17 03:14:23"}
{"level":"info","message":"✅ Banco de dados (MariaDB/MySQL) conectado","service":"plusticket","timestamp":"2026-08-17 03:14:25"}
{"level":"info","message":"✅ Socket.IO inicializado","service":"plusticket","timestamp":"2026-08-17 03:14:25"}
{"level":"info","message":"✅ E-mail configurado (Ethereal): jdvdgznnw5zkgzqt@ethereal.email","service":"plusticket","timestamp":"2026-08-17 03:14:25"}
{"level":"info","message":"📧 Visualizar e-mails em: https://ethereal.email/login","service":"plusticket","timestamp":"2026-08-17 03:14:25"}
{"level":"warn","message":"⚠️  Redis indisponível. Filas de jobs (PDF, E-mail) desativadas. O servidor funcionará normalmente.","service":"plusticket","timestamp":"2026-08-17 03:14:25"}
{"level":"warn","message":"⚠️  Filas BullMQ não criadas (Redis indisponível).","service":"plusticket","timestamp":"2026-08-17 03:14:25"}
{"level":"warn","message":"⚠️  Email Worker não iniciado (Redis indisponível)","service":"plusticket","timestamp":"2026-08-17 03:14:25"}
{"level":"warn","message":"⚠️  PDF Worker não iniciado (Redis indisponível)","service":"plusticket","timestamp":"2026-08-17 03:14:25"}
{"level":"warn","message":"⚠️  Payment Worker não iniciado (Redis indisponível)","service":"plusticket","timestamp":"2026-08-17 03:14:25"}
{"level":"info","message":"\n╔══════════════════════════════════════════════════╗\n║                                                  ║\n║   🎫 plusTicket API v1.0.0                       ║\n║                                                  ║\n║   🌐 Server:    http://localhost:3000            ║\n║   📊 Queues:    http://localhost:3000/admin/queues║\n║   💚 Health:    http://localhost:3000/api/health  ║\n║   🔌 WebSocket: ws://localhost:3000/dashboard    ║\n║                                                  ║\n║   📦 Ambiente: development                     ║\n║                                                  ║\n╚══════════════════════════════════════════════════╝\n      ","service":"plusticket","timestamp":"2026-08-17 03:14:25"}
{"level":"info","message":"Login: sousa@gmail.com","service":"plusticket","timestamp":"2026-08-17 03:14:43"}
{"level":"error","message":"Erro não tratado: Cannot read properties of undefined (reading 'map')","method":"POST","path":"/api/events","service":"plusticket","stack":"TypeError: Cannot read properties of undefined (reading 'map')\n    at C:\\Users\\Daten\\Desktop\\plusTicket\\server\\src\\middlewares\\validate.js:13:42\n    at Layer.handle [as handle_request] (C:\\Users\\Daten\\Desktop\\plusTicket\\server\\node_modules\\express\\lib\\router\\layer.js:95:5)\n    at next (C:\\Users\\Daten\\Desktop\\plusTicket\\server\\node_modules\\express\\lib\\router\\route.js:149:13)\n    at C:\\Users\\Daten\\Desktop\\plusTicket\\server\\src\\middlewares\\roleGuard.js:20:5\n    at Layer.handle [as handle_request] (C:\\Users\\Daten\\Desktop\\plusTicket\\server\\node_modules\\express\\lib\\router\\layer.js:95:5)\n    at next (C:\\Users\\Daten\\Desktop\\plusTicket\\server\\node_modules\\express\\lib\\router\\route.js:149:13)\n    at authMiddleware (C:\\Users\\Daten\\Desktop\\plusTicket\\server\\src\\middlewares\\auth.js:41:5)","timestamp":"2026-08-17 03:14:54"}
{"level":"info","message":"Evento criado: teste (e8073d34-93f4-411d-b2f5-6dec01f2ccf9)","service":"plusticket","timestamp":"2026-08-17 03:19:31"}
{"level":"error","message":"Erro não tratado: Crie ao menos um tipo de ingresso antes de publicar","method":"POST","path":"/api/events/e8073d34-93f4-411d-b2f5-6dec01f2ccf9/publish","service":"plusticket","stack":"Error: Crie ao menos um tipo de ingresso antes de publicar\n    at EventsService.publish (C:\\Users\\Daten\\Desktop\\plusTicket\\server\\src\\modules\\events\\events.service.js:198:27)\n    at async publish (C:\\Users\\Daten\\Desktop\\plusTicket\\server\\src\\modules\\events\\events.controller.js:43:21)","timestamp":"2026-08-17 03:19:31"}
{"level":"error","message":"Erro não tratado: Cannot read properties of undefined (reading 'map')","method":"POST","path":"/api/events","service":"plusticket","stack":"TypeError: Cannot read properties of undefined (reading 'map')\n    at C:\\Users\\Daten\\Desktop\\plusTicket\\server\\src\\middlewares\\validate.js:13:42\n    at Layer.handle [as handle_request] (C:\\Users\\Daten\\Desktop\\plusTicket\\server\\node_modules\\express\\lib\\router\\layer.js:95:5)\n    at next (C:\\Users\\Daten\\Desktop\\plusTicket\\server\\node_modules\\express\\lib\\router\\route.js:149:13)\n    at C:\\Users\\Daten\\Desktop\\plusTicket\\server\\src\\middlewares\\roleGuard.js:20:5\n    at Layer.handle [as handle_request] (C:\\Users\\Daten\\Desktop\\plusTicket\\server\\node_modules\\express\\lib\\router\\layer.js:95:5)\n    at next (C:\\Users\\Daten\\Desktop\\plusTicket\\server\\node_modules\\express\\lib\\router\\route.js:149:13)\n    at authMiddleware (C:\\Users\\Daten\\Desktop\\plusTicket\\server\\src\\middlewares\\auth.js:41:5)","timestamp":"2026-08-17 03:22:04"}
{"level":"error","message":"Erro não tratado: Cannot read properties of undefined (reading 'map')","method":"POST","path":"/api/events","service":"plusticket","stack":"TypeError: Cannot read properties of undefined (reading 'map')\n    at C:\\Users\\Daten\\Desktop\\plusTicket\\server\\src\\middlewares\\validate.js:13:42\n    at Layer.handle [as handle_request] (C:\\Users\\Daten\\Desktop\\plusTicket\\server\\node_modules\\express\\lib\\router\\layer.js:95:5)\n    at next (C:\\Users\\Daten\\Desktop\\plusTicket\\server\\node_modules\\express\\lib\\router\\route.js:149:13)\n    at C:\\Users\\Daten\\Desktop\\plusTicket\\server\\src\\middlewares\\roleGuard.js:20:5\n    at Layer.handle [as handle_request] (C:\\Users\\Daten\\Desktop\\plusTicket\\server\\node_modules\\express\\lib\\router\\layer.js:95:5)\n    at next (C:\\Users\\Daten\\Desktop\\plusTicket\\server\\node_modules\\express\\lib\\router\\route.js:149:13)\n    at authMiddleware (C:\\Users\\Daten\\Desktop\\plusTicket\\server\\src\\middlewares\\auth.js:41:5)","timestamp":"2026-08-17 03:24:23"}
{"level":"error","message":"Erro não tratado: Cannot read properties of undefined (reading 'map')","method":"POST","path":"/api/events","service":"plusticket","stack":"TypeError: Cannot read properties of undefined (reading 'map')\n    at C:\\Users\\Daten\\Desktop\\plusTicket\\server\\src\\middlewares\\validate.js:13:42\n    at Layer.handle [as handle_request] (C:\\Users\\Daten\\Desktop\\plusTicket\\server\\node_modules\\express\\lib\\router\\layer.js:95:5)\n    at next (C:\\Users\\Daten\\Desktop\\plusTicket\\server\\node_modules\\express\\lib\\router\\route.js:149:13)\n    at C:\\Users\\Daten\\Desktop\\plusTicket\\server\\src\\middlewares\\roleGuard.js:20:5\n    at Layer.handle [as handle_request] (C:\\Users\\Daten\\Desktop\\plusTicket\\server\\node_modules\\express\\lib\\router\\layer.js:95:5)\n    at next (C:\\Users\\Daten\\Desktop\\plusTicket\\server\\node_modules\\express\\lib\\router\\route.js:149:13)\n    at authMiddleware (C:\\Users\\Daten\\Desktop\\plusTicket\\server\\src\\middlewares\\auth.js:41:5)","timestamp":"2026-08-17 03:25:22"}
{"level":"info","message":"Evento criado: teste2 (cdfb3923-5b42-4b71-ba9a-84a9acb93a3a)","service":"plusticket","timestamp":"2026-08-17 03:25:25"}
{"level":"info","message":"Tipo de ingresso criado: Pista Lote 1 para evento cdfb3923-5b42-4b71-ba9a-84a9acb93a3a","service":"plusticket","timestamp":"2026-08-17 03:25:25"}
{"level":"info","message":"Tipo de ingresso criado: VIP Lote 1 para evento cdfb3923-5b42-4b71-ba9a-84a9acb93a3a","service":"plusticket","timestamp":"2026-08-17 03:25:25"}
{"level":"info","message":"Evento publicado: teste2","service":"plusticket","timestamp":"2026-08-17 03:25:25"}
{"level":"error","message":"Erro não tratado: \nInvalid `prisma.$queryRaw()` invocation:\n\n\nRaw query failed. Code: `1054`. Message: `Unknown column 'checked_at' in 'field list'`","method":"GET","path":"/api/dashboard/events/cdfb3923-5b42-4b71-ba9a-84a9acb93a3a/live","service":"plusticket","stack":"PrismaClientKnownRequestError: \nInvalid `prisma.$queryRaw()` invocation:\n\n\nRaw query failed. Code: `1054`. Message: `Unknown column 'checked_at' in 'field list'`\n    at $n.handleRequestError (C:\\Users\\Daten\\Desktop\\plusTicket\\server\\node_modules\\@prisma\\client\\runtime\\library.js:121:7315)\n    at $n.handleAndLogRequestError (C:\\Users\\Daten\\Desktop\\plusTicket\\server\\node_modules\\@prisma\\client\\runtime\\library.js:121:6623)\n    at $n.request (C:\\Users\\Daten\\Desktop\\plusTicket\\server\\node_modules\\@prisma\\client\\runtime\\library.js:121:6307)\n    at async l (C:\\Users\\Daten\\Desktop\\plusTicket\\server\\node_modules\\@prisma\\client\\runtime\\library.js:130:9633)\n    at async DashboardService.getLiveData (C:\\Users\\Daten\\Desktop\\plusTicket\\server\\src\\modules\\dashboard\\dashboard.service.js:45:28)\n    at async getLiveData (C:\\Users\\Daten\\Desktop\\plusTicket\\server\\src\\modules\\dashboard\\dashboard.controller.js:7:20)","timestamp":"2026-08-17 03:25:36"}
{"level":"error","message":"Erro não tratado: \nInvalid `prisma.$queryRaw()` invocation:\n\n\nRaw query failed. Code: `1054`. Message: `Unknown column 'checked_at' in 'field list'`","method":"GET","path":"/api/dashboard/events/cdfb3923-5b42-4b71-ba9a-84a9acb93a3a/live","service":"plusticket","stack":"PrismaClientKnownRequestError: \nInvalid `prisma.$queryRaw()` invocation:\n\n\nRaw query failed. Code: `1054`. Message: `Unknown column 'checked_at' in 'field list'`\n    at $n.handleRequestError (C:\\Users\\Daten\\Desktop\\plusTicket\\server\\node_modules\\@prisma\\client\\runtime\\library.js:121:7315)\n    at $n.handleAndLogRequestError (C:\\Users\\Daten\\Desktop\\plusTicket\\server\\node_modules\\@prisma\\client\\runtime\\library.js:121:6623)\n    at $n.request (C:\\Users\\Daten\\Desktop\\plusTicket\\server\\node_modules\\@prisma\\client\\runtime\\library.js:121:6307)\n    at async l (C:\\Users\\Daten\\Desktop\\plusTicket\\server\\node_modules\\@prisma\\client\\runtime\\library.js:130:9633)\n    at async DashboardService.getLiveData (C:\\Users\\Daten\\Desktop\\plusTicket\\server\\src\\modules\\dashboard\\dashboard.service.js:45:28)\n    at async getLiveData (C:\\Users\\Daten\\Desktop\\plusTicket\\server\\src\\modules\\dashboard\\dashboard.controller.js:7:20)","timestamp":"2026-08-17 03:25:49"}
{"level":"info","message":"\nSIGINT recebido. Encerrando...","service":"plusticket","timestamp":"2026-08-17 03:26:04"}
{"level":"info","message":"✅ Banco de dados (MariaDB/MySQL) conectado","service":"plusticket","timestamp":"2026-08-17 15:43:15"}
{"level":"info","message":"✅ Socket.IO inicializado","service":"plusticket","timestamp":"2026-08-17 15:43:15"}
{"level":"info","message":"✅ Banco de dados (MariaDB/MySQL) conectado","service":"plusticket","timestamp":"2026-08-17 15:43:16"}
{"level":"info","message":"✅ Socket.IO inicializado","service":"plusticket","timestamp":"2026-08-17 15:43:16"}
{"level":"info","message":"✅ E-mail configurado (Ethereal): ieyfrhlf6755vdc4@ethereal.email","service":"plusticket","timestamp":"2026-08-17 15:43:18"}
{"level":"info","message":"📧 Visualizar e-mails em: https://ethereal.email/login","service":"plusticket","timestamp":"2026-08-17 15:43:18"}
{"level":"warn","message":"⚠️  Redis indisponível. Filas de jobs (PDF, E-mail) desativadas. O servidor funcionará normalmente.","service":"plusticket","timestamp":"2026-08-17 15:43:18"}
{"level":"warn","message":"⚠️  Filas BullMQ não criadas (Redis indisponível).","service":"plusticket","timestamp":"2026-08-17 15:43:18"}
{"level":"warn","message":"⚠️  Email Worker não iniciado (Redis indisponível)","service":"plusticket","timestamp":"2026-08-17 15:43:18"}
{"level":"warn","message":"⚠️  PDF Worker não iniciado (Redis indisponível)","service":"plusticket","timestamp":"2026-08-17 15:43:18"}
{"level":"warn","message":"⚠️  Payment Worker não iniciado (Redis indisponível)","service":"plusticket","timestamp":"2026-08-17 15:43:18"}
{"level":"info","message":"\n╔══════════════════════════════════════════════════╗\n║                                                  ║\n║   🎫 plusTicket API v1.0.0                       ║\n║                                                  ║\n║   🌐 Server:    http://localhost:3000            ║\n║   📊 Queues:    http://localhost:3000/admin/queues║\n║   💚 Health:    http://localhost:3000/api/health  ║\n║   🔌 WebSocket: ws://localhost:3000/dashboard    ║\n║                                                  ║\n║   📦 Ambiente: development                     ║\n║                                                  ║\n╚══════════════════════════════════════════════════╝\n      ","service":"plusticket","timestamp":"2026-08-17 15:43:18"}
{"level":"error","message":"Erro não tratado: \nInvalid `prisma.$queryRaw()` invocation:\n\n\nRaw query failed. Code: `1054`. Message: `Unknown column 'checked_at' in 'field list'`","method":"GET","path":"/api/dashboard/events/cdfb3923-5b42-4b71-ba9a-84a9acb93a3a/live","service":"plusticket","stack":"PrismaClientKnownRequestError: \nInvalid `prisma.$queryRaw()` invocation:\n\n\nRaw query failed. Code: `1054`. Message: `Unknown column 'checked_at' in 'field list'`\n    at $n.handleRequestError (C:\\Users\\Daten\\Desktop\\plusTicket\\server\\node_modules\\@prisma\\client\\runtime\\library.js:121:7315)\n    at $n.handleAndLogRequestError (C:\\Users\\Daten\\Desktop\\plusTicket\\server\\node_modules\\@prisma\\client\\runtime\\library.js:121:6623)\n    at $n.request (C:\\Users\\Daten\\Desktop\\plusTicket\\server\\node_modules\\@prisma\\client\\runtime\\library.js:121:6307)\n    at async l (C:\\Users\\Daten\\Desktop\\plusTicket\\server\\node_modules\\@prisma\\client\\runtime\\library.js:130:9633)\n    at async DashboardService.getLiveData (C:\\Users\\Daten\\Desktop\\plusTicket\\server\\src\\modules\\dashboard\\dashboard.service.js:45:28)\n    at async getLiveData (C:\\Users\\Daten\\Desktop\\plusTicket\\server\\src\\modules\\dashboard\\dashboard.controller.js:7:20)","timestamp":"2026-08-17 15:46:29"}
{"level":"info","message":"✅ Banco de dados (MariaDB/MySQL) conectado","service":"plusticket","timestamp":"2026-08-17 15:48:52"}
{"level":"info","message":"✅ Socket.IO inicializado","service":"plusticket","timestamp":"2026-08-17 15:48:52"}
{"level":"info","message":"✅ E-mail configurado (Ethereal): yvhdqeo4te3ymh3b@ethereal.email","service":"plusticket","timestamp":"2026-08-17 15:48:53"}
{"level":"info","message":"📧 Visualizar e-mails em: https://ethereal.email/login","service":"plusticket","timestamp":"2026-08-17 15:48:53"}
{"level":"warn","message":"⚠️  Redis indisponível. Filas de jobs (PDF, E-mail) desativadas. O servidor funcionará normalmente.","service":"plusticket","timestamp":"2026-08-17 15:48:53"}
{"level":"warn","message":"⚠️  Filas BullMQ não criadas (Redis indisponível).","service":"plusticket","timestamp":"2026-08-17 15:48:53"}
{"level":"warn","message":"⚠️  Email Worker não iniciado (Redis indisponível)","service":"plusticket","timestamp":"2026-08-17 15:48:53"}
{"level":"warn","message":"⚠️  PDF Worker não iniciado (Redis indisponível)","service":"plusticket","timestamp":"2026-08-17 15:48:53"}
{"level":"warn","message":"⚠️  Payment Worker não iniciado (Redis indisponível)","service":"plusticket","timestamp":"2026-08-17 15:48:53"}
{"level":"info","message":"\n╔══════════════════════════════════════════════════╗\n║                                                  ║\n║   🎫 plusTicket API v1.0.0                       ║\n║                                                  ║\n║   🌐 Server:    http://localhost:3000            ║\n║   📊 Queues:    http://localhost:3000/admin/queues║\n║   💚 Health:    http://localhost:3000/api/health  ║\n║   🔌 WebSocket: ws://localhost:3000/dashboard    ║\n║                                                  ║\n║   📦 Ambiente: development                     ║\n║                                                  ║\n╚══════════════════════════════════════════════════╝\n      ","service":"plusticket","timestamp":"2026-08-17 15:48:53"}
{"level":"info","message":"Login: mirilo.bxd@gmail.com","service":"plusticket","timestamp":"2026-08-17 15:49:23"}
{"level":"error","message":"Erro não tratado: Cannot read properties of undefined (reading 'map')","method":"POST","path":"/api/tickets/purchase","service":"plusticket","stack":"TypeError: Cannot read properties of undefined (reading 'map')\n    at C:\\Users\\Daten\\Desktop\\plusTicket\\server\\src\\middlewares\\validate.js:13:42\n    at Layer.handle [as handle_request] (C:\\Users\\Daten\\Desktop\\plusTicket\\server\\node_modules\\express\\lib\\router\\layer.js:95:5)\n    at next (C:\\Users\\Daten\\Desktop\\plusTicket\\server\\node_modules\\express\\lib\\router\\route.js:149:13)\n    at authMiddleware (C:\\Users\\Daten\\Desktop\\plusTicket\\server\\src\\middlewares\\auth.js:41:5)","timestamp":"2026-08-17 15:49:50"}
{"level":"error","message":"Erro não tratado: Cannot read properties of undefined (reading 'map')","method":"POST","path":"/api/tickets/purchase","service":"plusticket","stack":"TypeError: Cannot read properties of undefined (reading 'map')\n    at C:\\Users\\Daten\\Desktop\\plusTicket\\server\\src\\middlewares\\validate.js:13:42\n    at Layer.handle [as handle_request] (C:\\Users\\Daten\\Desktop\\plusTicket\\server\\node_modules\\express\\lib\\router\\layer.js:95:5)\n    at next (C:\\Users\\Daten\\Desktop\\plusTicket\\server\\node_modules\\express\\lib\\router\\route.js:149:13)\n    at authMiddleware (C:\\Users\\Daten\\Desktop\\plusTicket\\server\\src\\middlewares\\auth.js:41:5)","timestamp":"2026-08-17 15:50:14"}
{"level":"error","message":"Erro não tratado: Cannot read properties of undefined (reading 'map')","method":"POST","path":"/api/tickets/purchase","service":"plusticket","stack":"TypeError: Cannot read properties of undefined (reading 'map')\n    at C:\\Users\\Daten\\Desktop\\plusTicket\\server\\src\\middlewares\\validate.js:13:42\n    at Layer.handle [as handle_request] (C:\\Users\\Daten\\Desktop\\plusTicket\\server\\node_modules\\express\\lib\\router\\layer.js:95:5)\n    at next (C:\\Users\\Daten\\Desktop\\plusTicket\\server\\node_modules\\express\\lib\\router\\route.js:149:13)\n    at authMiddleware (C:\\Users\\Daten\\Desktop\\plusTicket\\server\\src\\middlewares\\auth.js:41:5)","timestamp":"2026-08-17 15:50:22"}
{"level":"info","message":"\nSIGINT recebido. Encerrando...","service":"plusticket","timestamp":"2026-08-17 15:50:53"}
{"level":"info","message":"✅ Banco de dados (MariaDB/MySQL) conectado","service":"plusticket","timestamp":"2026-08-17 15:50:56"}
{"level":"info","message":"✅ Socket.IO inicializado","service":"plusticket","timestamp":"2026-08-17 15:50:56"}
{"level":"info","message":"✅ E-mail configurado (Ethereal): y5eipglbgs64iuhf@ethereal.email","service":"plusticket","timestamp":"2026-08-17 15:50:57"}
{"level":"info","message":"📧 Visualizar e-mails em: https://ethereal.email/login","service":"plusticket","timestamp":"2026-08-17 15:50:57"}
{"level":"warn","message":"⚠️  Redis indisponível. Filas de jobs (PDF, E-mail) desativadas. O servidor funcionará normalmente.","service":"plusticket","timestamp":"2026-08-17 15:50:57"}
{"level":"warn","message":"⚠️  Filas BullMQ não criadas (Redis indisponível).","service":"plusticket","timestamp":"2026-08-17 15:50:57"}
{"level":"warn","message":"⚠️  Email Worker não iniciado (Redis indisponível)","service":"plusticket","timestamp":"2026-08-17 15:50:57"}
{"level":"warn","message":"⚠️  PDF Worker não iniciado (Redis indisponível)","service":"plusticket","timestamp":"2026-08-17 15:50:57"}
{"level":"warn","message":"⚠️  Payment Worker não iniciado (Redis indisponível)","service":"plusticket","timestamp":"2026-08-17 15:50:57"}
{"level":"info","message":"\n╔══════════════════════════════════════════════════╗\n║                                                  ║\n║   🎫 plusTicket API v1.0.0                       ║\n║                                                  ║\n║   🌐 Server:    http://localhost:3000            ║\n║   📊 Queues:    http://localhost:3000/admin/queues║\n║   💚 Health:    http://localhost:3000/api/health  ║\n║   🔌 WebSocket: ws://localhost:3000/dashboard    ║\n║                                                  ║\n║   📦 Ambiente: development                     ║\n║                                                  ║\n╚══════════════════════════════════════════════════╝\n      ","service":"plusticket","timestamp":"2026-08-17 15:50:57"}
{"level":"error","message":"Erro não tratado: Cannot read properties of undefined (reading 'map')","method":"POST","path":"/api/tickets/purchase","service":"plusticket","stack":"TypeError: Cannot read properties of undefined (reading 'map')\n    at C:\\Users\\Daten\\Desktop\\plusTicket\\server\\src\\middlewares\\validate.js:13:42\n    at Layer.handle [as handle_request] (C:\\Users\\Daten\\Desktop\\plusTicket\\server\\node_modules\\express\\lib\\router\\layer.js:95:5)\n    at next (C:\\Users\\Daten\\Desktop\\plusTicket\\server\\node_modules\\express\\lib\\router\\route.js:149:13)\n    at authMiddleware (C:\\Users\\Daten\\Desktop\\plusTicket\\server\\src\\middlewares\\auth.js:41:5)","timestamp":"2026-08-17 15:52:01"}
{"level":"info","message":"✅ Banco de dados (MariaDB/MySQL) conectado","service":"plusticket","timestamp":"2026-08-17 16:04:44"}
{"level":"info","message":"✅ Socket.IO inicializado","service":"plusticket","timestamp":"2026-08-17 16:04:44"}
{"level":"info","message":"✅ E-mail configurado (Ethereal): zarduy47hjkbmpbk@ethereal.email","service":"plusticket","timestamp":"2026-08-17 16:04:45"}
{"level":"info","message":"📧 Visualizar e-mails em: https://ethereal.email/login","service":"plusticket","timestamp":"2026-08-17 16:04:45"}
{"level":"warn","message":"⚠️  Redis indisponível. Filas de jobs (PDF, E-mail) desativadas. O servidor funcionará normalmente.","service":"plusticket","timestamp":"2026-08-17 16:04:45"}
{"level":"warn","message":"⚠️  Filas BullMQ não criadas (Redis indisponível).","service":"plusticket","timestamp":"2026-08-17 16:04:45"}
{"level":"warn","message":"⚠️  Email Worker não iniciado (Redis indisponível)","service":"plusticket","timestamp":"2026-08-17 16:04:45"}
{"level":"warn","message":"⚠️  PDF Worker não iniciado (Redis indisponível)","service":"plusticket","timestamp":"2026-08-17 16:04:45"}
{"level":"warn","message":"⚠️  Payment Worker não iniciado (Redis indisponível)","service":"plusticket","timestamp":"2026-08-17 16:04:45"}
{"level":"info","message":"\n╔══════════════════════════════════════════════════╗\n║                                                  ║\n║   🎫 plusTicket API v1.0.0                       ║\n║                                                  ║\n║   🌐 Server:    http://localhost:3000            ║\n║   📊 Queues:    http://localhost:3000/admin/queues║\n║   💚 Health:    http://localhost:3000/api/health  ║\n║   🔌 WebSocket: ws://localhost:3000/dashboard    ║\n║                                                  ║\n║   📦 Ambiente: development                     ║\n║                                                  ║\n╚══════════════════════════════════════════════════╝\n      ","service":"plusticket","timestamp":"2026-08-17 16:04:45"}
{"level":"error","message":"Erro não tratado: Cannot read properties of undefined (reading 'map')","method":"POST","path":"/api/tickets/purchase","service":"plusticket","stack":"TypeError: Cannot read properties of undefined (reading 'map')\n    at C:\\Users\\Daten\\Desktop\\plusTicket\\server\\src\\middlewares\\validate.js:13:42\n    at Layer.handle [as handle_request] (C:\\Users\\Daten\\Desktop\\plusTicket\\server\\node_modules\\express\\lib\\router\\layer.js:95:5)\n    at next (C:\\Users\\Daten\\Desktop\\plusTicket\\server\\node_modules\\express\\lib\\router\\route.js:149:13)\n    at authMiddleware (C:\\Users\\Daten\\Desktop\\plusTicket\\server\\src\\middlewares\\auth.js:41:5)","timestamp":"2026-08-17 16:06:07"}
{"level":"info","message":"✅ Banco de dados (MariaDB/MySQL) conectado","service":"plusticket","timestamp":"2026-08-17 16:06:19"}
{"level":"info","message":"✅ Socket.IO inicializado","service":"plusticket","timestamp":"2026-08-17 16:06:19"}
{"level":"info","message":"✅ E-mail configurado (Ethereal): pesudqkysnyaejlw@ethereal.email","service":"plusticket","timestamp":"2026-08-17 16:06:20"}
{"level":"info","message":"📧 Visualizar e-mails em: https://ethereal.email/login","service":"plusticket","timestamp":"2026-08-17 16:06:20"}
{"level":"warn","message":"⚠️  Redis indisponível. Filas de jobs (PDF, E-mail) desativadas. O servidor funcionará normalmente.","service":"plusticket","timestamp":"2026-08-17 16:06:20"}
{"level":"warn","message":"⚠️  Filas BullMQ não criadas (Redis indisponível).","service":"plusticket","timestamp":"2026-08-17 16:06:20"}
{"level":"warn","message":"⚠️  Email Worker não iniciado (Redis indisponível)","service":"plusticket","timestamp":"2026-08-17 16:06:20"}
{"level":"warn","message":"⚠️  PDF Worker não iniciado (Redis indisponível)","service":"plusticket","timestamp":"2026-08-17 16:06:20"}
{"level":"warn","message":"⚠️  Payment Worker não iniciado (Redis indisponível)","service":"plusticket","timestamp":"2026-08-17 16:06:20"}
{"level":"info","message":"\n╔══════════════════════════════════════════════════╗\n║                                                  ║\n║   🎫 plusTicket API v1.0.0                       ║\n║                                                  ║\n║   🌐 Server:    http://localhost:3000            ║\n║   📊 Queues:    http://localhost:3000/admin/queues║\n║   💚 Health:    http://localhost:3000/api/health  ║\n║   🔌 WebSocket: ws://localhost:3000/dashboard    ║\n║                                                  ║\n║   📦 Ambiente: development                     ║\n║                                                  ║\n╚══════════════════════════════════════════════════╝\n      ","service":"plusticket","timestamp":"2026-08-17 16:06:20"}
{"level":"error","message":"Erro não tratado: Cannot read properties of undefined (reading 'map')","method":"POST","path":"/api/tickets/purchase","service":"plusticket","stack":"TypeError: Cannot read properties of undefined (reading 'map')\n    at C:\\Users\\Daten\\Desktop\\plusTicket\\server\\src\\middlewares\\validate.js:13:42\n    at Layer.handle [as handle_request] (C:\\Users\\Daten\\Desktop\\plusTicket\\server\\node_modules\\express\\lib\\router\\layer.js:95:5)\n    at next (C:\\Users\\Daten\\Desktop\\plusTicket\\server\\node_modules\\express\\lib\\router\\route.js:149:13)\n    at authMiddleware (C:\\Users\\Daten\\Desktop\\plusTicket\\server\\src\\middlewares\\auth.js:41:5)","timestamp":"2026-08-17 16:06:27"}
{"level":"info","message":"✅ Banco de dados (MariaDB/MySQL) conectado","service":"plusticket","timestamp":"2026-08-17 16:13:07"}
{"level":"info","message":"✅ Socket.IO inicializado","service":"plusticket","timestamp":"2026-08-17 16:13:07"}
{"level":"info","message":"✅ E-mail configurado (Ethereal): gi67azgyiz65lms7@ethereal.email","service":"plusticket","timestamp":"2026-08-17 16:13:09"}
{"level":"info","message":"📧 Visualizar e-mails em: https://ethereal.email/login","service":"plusticket","timestamp":"2026-08-17 16:13:09"}
{"level":"warn","message":"⚠️  Redis indisponível. Filas de jobs (PDF, E-mail) desativadas. O servidor funcionará normalmente.","service":"plusticket","timestamp":"2026-08-17 16:13:09"}
{"level":"warn","message":"⚠️  Filas BullMQ não criadas (Redis indisponível).","service":"plusticket","timestamp":"2026-08-17 16:13:09"}
{"level":"warn","message":"⚠️  Email Worker não iniciado (Redis indisponível)","service":"plusticket","timestamp":"2026-08-17 16:13:09"}
{"level":"warn","message":"⚠️  PDF Worker não iniciado (Redis indisponível)","service":"plusticket","timestamp":"2026-08-17 16:13:09"}
{"level":"warn","message":"⚠️  Payment Worker não iniciado (Redis indisponível)","service":"plusticket","timestamp":"2026-08-17 16:13:09"}
{"level":"info","message":"\n╔══════════════════════════════════════════════════╗\n║                                                  ║\n║   🎫 plusTicket API v1.0.0                       ║\n║                                                  ║\n║   🌐 Server:    http://localhost:3000            ║\n║   📊 Queues:    http://localhost:3000/admin/queues║\n║   💚 Health:    http://localhost:3000/api/health  ║\n║   🔌 WebSocket: ws://localhost:3000/dashboard    ║\n║                                                  ║\n║   📦 Ambiente: development                     ║\n║                                                  ║\n╚══════════════════════════════════════════════════╝\n      ","service":"plusticket","timestamp":"2026-08-17 16:13:09"}
{"level":"info","message":"✅ Banco de dados (MariaDB/MySQL) conectado","service":"plusticket","timestamp":"2026-08-17 16:13:11"}
{"level":"info","message":"✅ Socket.IO inicializado","service":"plusticket","timestamp":"2026-08-17 16:13:11"}
{"level":"info","message":"✅ E-mail configurado (Ethereal): kcxjtdjs2z3nzauj@ethereal.email","service":"plusticket","timestamp":"2026-08-17 16:13:12"}
{"level":"info","message":"📧 Visualizar e-mails em: https://ethereal.email/login","service":"plusticket","timestamp":"2026-08-17 16:13:12"}
{"level":"warn","message":"⚠️  Redis indisponível. Filas de jobs (PDF, E-mail) desativadas. O servidor funcionará normalmente.","service":"plusticket","timestamp":"2026-08-17 16:13:12"}
{"level":"warn","message":"⚠️  Filas BullMQ não criadas (Redis indisponível).","service":"plusticket","timestamp":"2026-08-17 16:13:12"}
{"level":"warn","message":"⚠️  Email Worker não iniciado (Redis indisponível)","service":"plusticket","timestamp":"2026-08-17 16:13:12"}
{"level":"warn","message":"⚠️  PDF Worker não iniciado (Redis indisponível)","service":"plusticket","timestamp":"2026-08-17 16:13:12"}
{"level":"warn","message":"⚠️  Payment Worker não iniciado (Redis indisponível)","service":"plusticket","timestamp":"2026-08-17 16:13:12"}
{"level":"info","message":"\n╔══════════════════════════════════════════════════╗\n║                                                  ║\n║   🎫 plusTicket API v1.0.0                       ║\n║                                                  ║\n║   🌐 Server:    http://localhost:3000            ║\n║   📊 Queues:    http://localhost:3000/admin/queues║\n║   💚 Health:    http://localhost:3000/api/health  ║\n║   🔌 WebSocket: ws://localhost:3000/dashboard    ║\n║                                                  ║\n║   📦 Ambiente: development                     ║\n║                                                  ║\n╚══════════════════════════════════════════════════╝\n      ","service":"plusticket","timestamp":"2026-08-17 16:13:12"}
{"level":"info","message":"✅ Banco de dados (MariaDB/MySQL) conectado","service":"plusticket","timestamp":"2026-08-17 16:15:58"}
{"level":"info","message":"✅ Socket.IO inicializado","service":"plusticket","timestamp":"2026-08-17 16:15:58"}
{"level":"info","message":"✅ E-mail configurado (Ethereal): qghe47wuc5pjwul4@ethereal.email","service":"plusticket","timestamp":"2026-08-17 16:15:59"}
{"level":"info","message":"📧 Visualizar e-mails em: https://ethereal.email/login","service":"plusticket","timestamp":"2026-08-17 16:15:59"}
{"level":"warn","message":"⚠️  Redis indisponível. Filas de jobs (PDF, E-mail) desativadas. O servidor funcionará normalmente.","service":"plusticket","timestamp":"2026-08-17 16:15:59"}
{"level":"warn","message":"⚠️  Filas BullMQ não criadas (Redis indisponível).","service":"plusticket","timestamp":"2026-08-17 16:15:59"}
{"level":"warn","message":"⚠️  Email Worker não iniciado (Redis indisponível)","service":"plusticket","timestamp":"2026-08-17 16:15:59"}
{"level":"warn","message":"⚠️  PDF Worker não iniciado (Redis indisponível)","service":"plusticket","timestamp":"2026-08-17 16:15:59"}
{"level":"warn","message":"⚠️  Payment Worker não iniciado (Redis indisponível)","service":"plusticket","timestamp":"2026-08-17 16:15:59"}
{"level":"info","message":"\n╔══════════════════════════════════════════════════╗\n║                                                  ║\n║   🎫 plusTicket API v1.0.0                       ║\n║                                                  ║\n║   🌐 Server:    http://localhost:3000            ║\n║   📊 Queues:    http://localhost:3000/admin/queues║\n║   💚 Health:    http://localhost:3000/api/health  ║\n║   🔌 WebSocket: ws://localhost:3000/dashboard    ║\n║                                                  ║\n║   📦 Ambiente: development                     ║\n║                                                  ║\n╚══════════════════════════════════════════════════╝\n      ","service":"plusticket","timestamp":"2026-08-17 16:15:59"}
{"level":"info","message":"✅ Banco de dados (MariaDB/MySQL) conectado","service":"plusticket","timestamp":"2026-08-17 16:16:16"}
{"level":"info","message":"✅ Socket.IO inicializado","service":"plusticket","timestamp":"2026-08-17 16:16:16"}
{"level":"info","message":"✅ E-mail configurado (Ethereal): pkwf2jxodqlk4k2c@ethereal.email","service":"plusticket","timestamp":"2026-08-17 16:16:17"}
{"level":"info","message":"📧 Visualizar e-mails em: https://ethereal.email/login","service":"plusticket","timestamp":"2026-08-17 16:16:17"}
{"level":"warn","message":"⚠️  Redis indisponível. Filas de jobs (PDF, E-mail) desativadas. O servidor funcionará normalmente.","service":"plusticket","timestamp":"2026-08-17 16:16:17"}
{"level":"warn","message":"⚠️  Filas BullMQ não criadas (Redis indisponível).","service":"plusticket","timestamp":"2026-08-17 16:16:17"}
{"level":"warn","message":"⚠️  Email Worker não iniciado (Redis indisponível)","service":"plusticket","timestamp":"2026-08-17 16:16:17"}
{"level":"warn","message":"⚠️  PDF Worker não iniciado (Redis indisponível)","service":"plusticket","timestamp":"2026-08-17 16:16:17"}
{"level":"warn","message":"⚠️  Payment Worker não iniciado (Redis indisponível)","service":"plusticket","timestamp":"2026-08-17 16:16:17"}
{"level":"info","message":"\n╔══════════════════════════════════════════════════╗\n║                                                  ║\n║   🎫 plusTicket API v1.0.0                       ║\n║                                                  ║\n║   🌐 Server:    http://localhost:3000            ║\n║   📊 Queues:    http://localhost:3000/admin/queues║\n║   💚 Health:    http://localhost:3000/api/health  ║\n║   🔌 WebSocket: ws://localhost:3000/dashboard    ║\n║                                                  ║\n║   📦 Ambiente: development                     ║\n║                                                  ║\n╚══════════════════════════════════════════════════╝\n      ","service":"plusticket","timestamp":"2026-08-17 16:16:17"}
{"level":"info","message":"Login: mirilo.bxd@gmail.com","service":"plusticket","timestamp":"2026-08-17 16:17:09"}
{"level":"error","message":"Erro não tratado: Cannot read properties of undefined (reading 'map')","method":"POST","path":"/api/tickets/purchase","service":"plusticket","stack":"TypeError: Cannot read properties of undefined (reading 'map')\n    at C:\\Users\\Daten\\Desktop\\plusTicket\\server\\src\\middlewares\\validate.js:13:42\n    at Layer.handle [as handle_request] (C:\\Users\\Daten\\Desktop\\plusTicket\\server\\node_modules\\express\\lib\\router\\layer.js:95:5)\n    at next (C:\\Users\\Daten\\Desktop\\plusTicket\\server\\node_modules\\express\\lib\\router\\route.js:149:13)\n    at authMiddleware (C:\\Users\\Daten\\Desktop\\plusTicket\\server\\src\\middlewares\\auth.js:41:5)","timestamp":"2026-08-17 16:17:23"}
{"level":"error","message":"Erro não tratado: Cannot read properties of undefined (reading 'map')","method":"POST","path":"/api/tickets/purchase","service":"plusticket","stack":"TypeError: Cannot read properties of undefined (reading 'map')\n    at C:\\Users\\Daten\\Desktop\\plusTicket\\server\\src\\middlewares\\validate.js:13:42\n    at Layer.handle [as handle_request] (C:\\Users\\Daten\\Desktop\\plusTicket\\server\\node_modules\\express\\lib\\router\\layer.js:95:5)\n    at next (C:\\Users\\Daten\\Desktop\\plusTicket\\server\\node_modules\\express\\lib\\router\\route.js:149:13)\n    at authMiddleware (C:\\Users\\Daten\\Desktop\\plusTicket\\server\\src\\middlewares\\auth.js:41:5)","timestamp":"2026-08-17 16:17:31"}
{"level":"info","message":"\nSIGINT recebido. Encerrando...","service":"plusticket","timestamp":"2026-08-17 16:17:42"}
{"level":"info","message":"✅ Banco de dados (MariaDB/MySQL) conectado","service":"plusticket","timestamp":"2026-08-17 16:17:45"}
{"level":"info","message":"✅ Socket.IO inicializado","service":"plusticket","timestamp":"2026-08-17 16:17:45"}
{"level":"info","message":"✅ E-mail configurado (Ethereal): c24mo7dwyhe3hzzm@ethereal.email","service":"plusticket","timestamp":"2026-08-17 16:17:46"}
{"level":"info","message":"📧 Visualizar e-mails em: https://ethereal.email/login","service":"plusticket","timestamp":"2026-08-17 16:17:46"}
{"level":"warn","message":"⚠️  Redis indisponível. Filas de jobs (PDF, E-mail) desativadas. O servidor funcionará normalmente.","service":"plusticket","timestamp":"2026-08-17 16:17:46"}
{"level":"warn","message":"⚠️  Filas BullMQ não criadas (Redis indisponível).","service":"plusticket","timestamp":"2026-08-17 16:17:46"}
{"level":"warn","message":"⚠️  Email Worker não iniciado (Redis indisponível)","service":"plusticket","timestamp":"2026-08-17 16:17:46"}
{"level":"warn","message":"⚠️  PDF Worker não iniciado (Redis indisponível)","service":"plusticket","timestamp":"2026-08-17 16:17:46"}
{"level":"warn","message":"⚠️  Payment Worker não iniciado (Redis indisponível)","service":"plusticket","timestamp":"2026-08-17 16:17:46"}
{"level":"info","message":"\n╔══════════════════════════════════════════════════╗\n║                                                  ║\n║   🎫 plusTicket API v1.0.0                       ║\n║                                                  ║\n║   🌐 Server:    http://localhost:3000            ║\n║   📊 Queues:    http://localhost:3000/admin/queues║\n║   💚 Health:    http://localhost:3000/api/health  ║\n║   🔌 WebSocket: ws://localhost:3000/dashboard    ║\n║                                                  ║\n║   📦 Ambiente: development                     ║\n║                                                  ║\n╚══════════════════════════════════════════════════╝\n      ","service":"plusticket","timestamp":"2026-08-17 16:17:46"}
{"level":"error","message":"Erro não tratado: Cannot read properties of undefined (reading 'map')","method":"POST","path":"/api/tickets/purchase","service":"plusticket","stack":"TypeError: Cannot read properties of undefined (reading 'map')\n    at C:\\Users\\Daten\\Desktop\\plusTicket\\server\\src\\middlewares\\validate.js:13:42\n    at Layer.handle [as handle_request] (C:\\Users\\Daten\\Desktop\\plusTicket\\server\\node_modules\\express\\lib\\router\\layer.js:95:5)\n    at next (C:\\Users\\Daten\\Desktop\\plusTicket\\server\\node_modules\\express\\lib\\router\\route.js:149:13)\n    at authMiddleware (C:\\Users\\Daten\\Desktop\\plusTicket\\server\\src\\middlewares\\auth.js:41:5)","timestamp":"2026-08-17 16:17:50"}
{"level":"info","message":"✅ Banco de dados (MariaDB/MySQL) conectado","service":"plusticket","timestamp":"2026-08-18 00:27:48"}
{"level":"info","message":"✅ Socket.IO inicializado","service":"plusticket","timestamp":"2026-08-18 00:27:48"}
{"level":"info","message":"✅ Banco de dados (MariaDB/MySQL) conectado","service":"plusticket","timestamp":"2026-08-18 00:27:50"}
{"level":"info","message":"✅ Socket.IO inicializado","service":"plusticket","timestamp":"2026-08-18 00:27:50"}
{"level":"info","message":"✅ E-mail configurado (Ethereal): pn3zc2hqfpclf5gz@ethereal.email","service":"plusticket","timestamp":"2026-08-18 00:27:51"}
{"level":"info","message":"📧 Visualizar e-mails em: https://ethereal.email/login","service":"plusticket","timestamp":"2026-08-18 00:27:51"}
{"level":"warn","message":"⚠️  Redis indisponível. Filas de jobs (PDF, E-mail) desativadas. O servidor funcionará normalmente.","service":"plusticket","timestamp":"2026-08-18 00:27:51"}
{"level":"warn","message":"⚠️  Filas BullMQ não criadas (Redis indisponível).","service":"plusticket","timestamp":"2026-08-18 00:27:51"}
{"level":"warn","message":"⚠️  Email Worker não iniciado (Redis indisponível)","service":"plusticket","timestamp":"2026-08-18 00:27:51"}
{"level":"warn","message":"⚠️  PDF Worker não iniciado (Redis indisponível)","service":"plusticket","timestamp":"2026-08-18 00:27:51"}
{"level":"warn","message":"⚠️  Payment Worker não iniciado (Redis indisponível)","service":"plusticket","timestamp":"2026-08-18 00:27:51"}
{"level":"info","message":"\n╔══════════════════════════════════════════════════╗\n║                                                  ║\n║   🎫 plusTicket API v1.0.0                       ║\n║                                                  ║\n║   🌐 Server:    http://localhost:3000            ║\n║   📊 Queues:    http://localhost:3000/admin/queues║\n║   💚 Health:    http://localhost:3000/api/health  ║\n║   🔌 WebSocket: ws://localhost:3000/dashboard    ║\n║                                                  ║\n║   📦 Ambiente: development                     ║\n║                                                  ║\n╚══════════════════════════════════════════════════╝\n      ","service":"plusticket","timestamp":"2026-08-18 00:27:51"}
{"level":"error","message":"Erro não tratado: Cannot read properties of undefined (reading 'map')","method":"POST","path":"/api/tickets/purchase","service":"plusticket","stack":"TypeError: Cannot read properties of undefined (reading 'map')\n    at C:\\Users\\Daten\\Desktop\\plusTicket\\server\\src\\middlewares\\validate.js:13:42\n    at Layer.handle [as handle_request] (C:\\Users\\Daten\\Desktop\\plusTicket\\server\\node_modules\\express\\lib\\router\\layer.js:95:5)\n    at next (C:\\Users\\Daten\\Desktop\\plusTicket\\server\\node_modules\\express\\lib\\router\\route.js:149:13)\n    at authMiddleware (C:\\Users\\Daten\\Desktop\\plusTicket\\server\\src\\middlewares\\auth.js:41:5)","timestamp":"2026-08-18 00:31:41"}
{"level":"info","message":"✅ Banco de dados (MariaDB/MySQL) conectado","service":"plusticket","timestamp":"2026-08-18 00:31:43"}
{"level":"info","message":"✅ Socket.IO inicializado","service":"plusticket","timestamp":"2026-08-18 00:31:43"}
{"level":"info","message":"✅ E-mail configurado (Ethereal): zzkvnsn3pynbasqd@ethereal.email","service":"plusticket","timestamp":"2026-08-18 00:31:44"}
{"level":"info","message":"📧 Visualizar e-mails em: https://ethereal.email/login","service":"plusticket","timestamp":"2026-08-18 00:31:44"}
{"level":"warn","message":"⚠️  Redis indisponível. Filas de jobs (PDF, E-mail) desativadas. O servidor funcionará normalmente.","service":"plusticket","timestamp":"2026-08-18 00:31:44"}
{"level":"warn","message":"⚠️  Filas BullMQ não criadas (Redis indisponível).","service":"plusticket","timestamp":"2026-08-18 00:31:44"}
{"level":"warn","message":"⚠️  Email Worker não iniciado (Redis indisponível)","service":"plusticket","timestamp":"2026-08-18 00:31:44"}
{"level":"warn","message":"⚠️  PDF Worker não iniciado (Redis indisponível)","service":"plusticket","timestamp":"2026-08-18 00:31:44"}
{"level":"warn","message":"⚠️  Payment Worker não iniciado (Redis indisponível)","service":"plusticket","timestamp":"2026-08-18 00:31:44"}
{"level":"info","message":"\n╔══════════════════════════════════════════════════╗\n║                                                  ║\n║   🎫 plusTicket API v1.0.0                       ║\n║                                                  ║\n║   🌐 Server:    http://localhost:3000            ║\n║   📊 Queues:    http://localhost:3000/admin/queues║\n║   💚 Health:    http://localhost:3000/api/health  ║\n║   🔌 WebSocket: ws://localhost:3000/dashboard    ║\n║                                                  ║\n║   📦 Ambiente: development                     ║\n║                                                  ║\n╚══════════════════════════════════════════════════╝\n      ","service":"plusticket","timestamp":"2026-08-18 00:31:44"}
{"level":"info","message":"Login: mirilo.bxd@gmail.com","service":"plusticket","timestamp":"2026-08-18 00:31:57"}
{"level":"error","message":"Erro não tratado: Cannot read properties of undefined (reading 'map')","method":"POST","path":"/api/tickets/purchase","service":"plusticket","stack":"TypeError: Cannot read properties of undefined (reading 'map')\n    at C:\\Users\\Daten\\Desktop\\plusTicket\\server\\src\\middlewares\\validate.js:13:42\n    at Layer.handle [as handle_request] (C:\\Users\\Daten\\Desktop\\plusTicket\\server\\node_modules\\express\\lib\\router\\layer.js:95:5)\n    at next (C:\\Users\\Daten\\Desktop\\plusTicket\\server\\node_modules\\express\\lib\\router\\route.js:149:13)\n    at authMiddleware (C:\\Users\\Daten\\Desktop\\plusTicket\\server\\src\\middlewares\\auth.js:41:5)","timestamp":"2026-08-18 00:32:31"}
{"level":"info","message":"\nSIGINT recebido. Encerrando...","service":"plusticket","timestamp":"2026-08-18 00:32:54"}
{"level":"info","message":"✅ Banco de dados (MariaDB/MySQL) conectado","service":"plusticket","timestamp":"2026-08-18 00:32:57"}
{"level":"info","message":"✅ Socket.IO inicializado","service":"plusticket","timestamp":"2026-08-18 00:32:57"}
{"level":"info","message":"✅ E-mail configurado (Ethereal): b2fgjomttvl5suow@ethereal.email","service":"plusticket","timestamp":"2026-08-18 00:32:58"}
{"level":"info","message":"📧 Visualizar e-mails em: https://ethereal.email/login","service":"plusticket","timestamp":"2026-08-18 00:32:58"}
{"level":"warn","message":"⚠️  Redis indisponível. Filas de jobs (PDF, E-mail) desativadas. O servidor funcionará normalmente.","service":"plusticket","timestamp":"2026-08-18 00:32:58"}
{"level":"warn","message":"⚠️  Filas BullMQ não criadas (Redis indisponível).","service":"plusticket","timestamp":"2026-08-18 00:32:58"}
{"level":"warn","message":"⚠️  Email Worker não iniciado (Redis indisponível)","service":"plusticket","timestamp":"2026-08-18 00:32:58"}
{"level":"warn","message":"⚠️  PDF Worker não iniciado (Redis indisponível)","service":"plusticket","timestamp":"2026-08-18 00:32:58"}
{"level":"warn","message":"⚠️  Payment Worker não iniciado (Redis indisponível)","service":"plusticket","timestamp":"2026-08-18 00:32:58"}
{"level":"info","message":"\n╔══════════════════════════════════════════════════╗\n║                                                  ║\n║   🎫 plusTicket API v1.0.0                       ║\n║                                                  ║\n║   🌐 Server:    http://localhost:3000            ║\n║   📊 Queues:    http://localhost:3000/admin/queues║\n║   💚 Health:    http://localhost:3000/api/health  ║\n║   🔌 WebSocket: ws://localhost:3000/dashboard    ║\n║                                                  ║\n║   📦 Ambiente: development                     ║\n║                                                  ║\n╚══════════════════════════════════════════════════╝\n      ","service":"plusticket","timestamp":"2026-08-18 00:32:58"}
{"level":"error","message":"Erro não tratado: Cannot read properties of undefined (reading 'map')","method":"POST","path":"/api/tickets/purchase","service":"plusticket","stack":"TypeError: Cannot read properties of undefined (reading 'map')\n    at C:\\Users\\Daten\\Desktop\\plusTicket\\server\\src\\middlewares\\validate.js:13:42\n    at Layer.handle [as handle_request] (C:\\Users\\Daten\\Desktop\\plusTicket\\server\\node_modules\\express\\lib\\router\\layer.js:95:5)\n    at next (C:\\Users\\Daten\\Desktop\\plusTicket\\server\\node_modules\\express\\lib\\router\\route.js:149:13)\n    at authMiddleware (C:\\Users\\Daten\\Desktop\\plusTicket\\server\\src\\middlewares\\auth.js:41:5)","timestamp":"2026-08-18 00:33:05"}
{"level":"info","message":"✅ Banco de dados (MariaDB/MySQL) conectado","service":"plusticket","timestamp":"2026-08-18 00:40:45"}
{"level":"info","message":"✅ Socket.IO inicializado","service":"plusticket","timestamp":"2026-08-18 00:40:45"}
{"level":"info","message":"✅ E-mail configurado (Ethereal): x2mlo6rxmlrctufi@ethereal.email","service":"plusticket","timestamp":"2026-08-18 00:40:46"}
{"level":"info","message":"📧 Visualizar e-mails em: https://ethereal.email/login","service":"plusticket","timestamp":"2026-08-18 00:40:46"}
{"level":"warn","message":"⚠️  Redis indisponível. Filas de jobs (PDF, E-mail) desativadas. O servidor funcionará normalmente.","service":"plusticket","timestamp":"2026-08-18 00:40:46"}
{"level":"warn","message":"⚠️  Filas BullMQ não criadas (Redis indisponível).","service":"plusticket","timestamp":"2026-08-18 00:40:46"}
{"level":"warn","message":"⚠️  Email Worker não iniciado (Redis indisponível)","service":"plusticket","timestamp":"2026-08-18 00:40:46"}
{"level":"warn","message":"⚠️  PDF Worker não iniciado (Redis indisponível)","service":"plusticket","timestamp":"2026-08-18 00:40:46"}
{"level":"warn","message":"⚠️  Payment Worker não iniciado (Redis indisponível)","service":"plusticket","timestamp":"2026-08-18 00:40:46"}
{"level":"info","message":"\n╔══════════════════════════════════════════════════╗\n║                                                  ║\n║   🎫 plusTicket API v1.0.0                       ║\n║                                                  ║\n║   🌐 Server:    http://localhost:3000            ║\n║   📊 Queues:    http://localhost:3000/admin/queues║\n║   💚 Health:    http://localhost:3000/api/health  ║\n║   🔌 WebSocket: ws://localhost:3000/dashboard    ║\n║                                                  ║\n║   📦 Ambiente: development                     ║\n║                                                  ║\n╚══════════════════════════════════════════════════╝\n      ","service":"plusticket","timestamp":"2026-08-18 00:40:46"}
{"level":"error","message":"Erro não tratado: Cannot read properties of undefined (reading 'map')","method":"POST","path":"/api/tickets/purchase","service":"plusticket","stack":"TypeError: Cannot read properties of undefined (reading 'map')\n    at C:\\Users\\Daten\\Desktop\\plusTicket\\server\\src\\middlewares\\validate.js:13:42\n    at Layer.handle [as handle_request] (C:\\Users\\Daten\\Desktop\\plusTicket\\server\\node_modules\\express\\lib\\router\\layer.js:95:5)\n    at next (C:\\Users\\Daten\\Desktop\\plusTicket\\server\\node_modules\\express\\lib\\router\\route.js:149:13)\n    at authMiddleware (C:\\Users\\Daten\\Desktop\\plusTicket\\server\\src\\middlewares\\auth.js:41:5)","timestamp":"2026-08-18 00:40:51"}
{"level":"info","message":"✅ Banco de dados (MariaDB/MySQL) conectado","service":"plusticket","timestamp":"2026-08-18 00:43:56"}
{"level":"info","message":"✅ Socket.IO inicializado","service":"plusticket","timestamp":"2026-08-18 00:43:56"}
{"level":"info","message":"✅ E-mail configurado (Ethereal): orp4tsueedkkdqbb@ethereal.email","service":"plusticket","timestamp":"2026-08-18 00:43:57"}
{"level":"info","message":"📧 Visualizar e-mails em: https://ethereal.email/login","service":"plusticket","timestamp":"2026-08-18 00:43:57"}
{"level":"warn","message":"⚠️  Redis indisponível. Filas de jobs (PDF, E-mail) desativadas. O servidor funcionará normalmente.","service":"plusticket","timestamp":"2026-08-18 00:43:57"}
{"level":"warn","message":"⚠️  Filas BullMQ não criadas (Redis indisponível).","service":"plusticket","timestamp":"2026-08-18 00:43:57"}
{"level":"warn","message":"⚠️  Email Worker não iniciado (Redis indisponível)","service":"plusticket","timestamp":"2026-08-18 00:43:57"}
{"level":"warn","message":"⚠️  PDF Worker não iniciado (Redis indisponível)","service":"plusticket","timestamp":"2026-08-18 00:43:57"}
{"level":"warn","message":"⚠️  Payment Worker não iniciado (Redis indisponível)","service":"plusticket","timestamp":"2026-08-18 00:43:57"}
{"level":"info","message":"\n╔══════════════════════════════════════════════════╗\n║                                                  ║\n║   🎫 plusTicket API v1.0.0                       ║\n║                                                  ║\n║   🌐 Server:    http://localhost:3000            ║\n║   📊 Queues:    http://localhost:3000/admin/queues║\n║   💚 Health:    http://localhost:3000/api/health  ║\n║   🔌 WebSocket: ws://localhost:3000/dashboard    ║\n║                                                  ║\n║   📦 Ambiente: development                     ║\n║                                                  ║\n╚══════════════════════════════════════════════════╝\n      ","service":"plusticket","timestamp":"2026-08-18 00:43:57"}
{"level":"info","message":"✅ Banco de dados (MariaDB/MySQL) conectado","service":"plusticket","timestamp":"2026-08-18 00:44:01"}
{"level":"info","message":"✅ Socket.IO inicializado","service":"plusticket","timestamp":"2026-08-18 00:44:01"}
{"level":"info","message":"✅ E-mail configurado (Ethereal): ibjphg7jhpr2wq4m@ethereal.email","service":"plusticket","timestamp":"2026-08-18 00:44:01"}
{"level":"info","message":"📧 Visualizar e-mails em: https://ethereal.email/login","service":"plusticket","timestamp":"2026-08-18 00:44:01"}
{"level":"warn","message":"⚠️  Redis indisponível. Filas de jobs (PDF, E-mail) desativadas. O servidor funcionará normalmente.","service":"plusticket","timestamp":"2026-08-18 00:44:01"}
{"level":"warn","message":"⚠️  Filas BullMQ não criadas (Redis indisponível).","service":"plusticket","timestamp":"2026-08-18 00:44:01"}
{"level":"warn","message":"⚠️  Email Worker não iniciado (Redis indisponível)","service":"plusticket","timestamp":"2026-08-18 00:44:01"}
{"level":"warn","message":"⚠️  PDF Worker não iniciado (Redis indisponível)","service":"plusticket","timestamp":"2026-08-18 00:44:01"}
{"level":"warn","message":"⚠️  Payment Worker não iniciado (Redis indisponível)","service":"plusticket","timestamp":"2026-08-18 00:44:01"}
{"level":"info","message":"\n╔══════════════════════════════════════════════════╗\n║                                                  ║\n║   🎫 plusTicket API v1.0.0                       ║\n║                                                  ║\n║   🌐 Server:    http://localhost:3000            ║\n║   📊 Queues:    http://localhost:3000/admin/queues║\n║   💚 Health:    http://localhost:3000/api/health  ║\n║   🔌 WebSocket: ws://localhost:3000/dashboard    ║\n║                                                  ║\n║   📦 Ambiente: development                     ║\n║                                                  ║\n╚══════════════════════════════════════════════════╝\n      ","service":"plusticket","timestamp":"2026-08-18 00:44:01"}
{"level":"info","message":"✅ Banco de dados (MariaDB/MySQL) conectado","service":"plusticket","timestamp":"2026-08-18 00:44:06"}
{"level":"info","message":"✅ Socket.IO inicializado","service":"plusticket","timestamp":"2026-08-18 00:44:06"}
{"level":"info","message":"✅ E-mail configurado (Ethereal): tsmdw7t6jtowzjj2@ethereal.email","service":"plusticket","timestamp":"2026-08-18 00:44:07"}
{"level":"info","message":"📧 Visualizar e-mails em: https://ethereal.email/login","service":"plusticket","timestamp":"2026-08-18 00:44:07"}
{"level":"warn","message":"⚠️  Redis indisponível. Filas de jobs (PDF, E-mail) desativadas. O servidor funcionará normalmente.","service":"plusticket","timestamp":"2026-08-18 00:44:07"}
{"level":"warn","message":"⚠️  Filas BullMQ não criadas (Redis indisponível).","service":"plusticket","timestamp":"2026-08-18 00:44:07"}
{"level":"warn","message":"⚠️  Email Worker não iniciado (Redis indisponível)","service":"plusticket","timestamp":"2026-08-18 00:44:07"}
{"level":"warn","message":"⚠️  PDF Worker não iniciado (Redis indisponível)","service":"plusticket","timestamp":"2026-08-18 00:44:07"}
{"level":"warn","message":"⚠️  Payment Worker não iniciado (Redis indisponível)","service":"plusticket","timestamp":"2026-08-18 00:44:07"}
{"level":"info","message":"\n╔══════════════════════════════════════════════════╗\n║                                                  ║\n║   🎫 plusTicket API v1.0.0                       ║\n║                                                  ║\n║   🌐 Server:    http://localhost:3000            ║\n║   📊 Queues:    http://localhost:3000/admin/queues║\n║   💚 Health:    http://localhost:3000/api/health  ║\n║   🔌 WebSocket: ws://localhost:3000/dashboard    ║\n║                                                  ║\n║   📦 Ambiente: development                     ║\n║                                                  ║\n╚══════════════════════════════════════════════════╝\n      ","service":"plusticket","timestamp":"2026-08-18 00:44:07"}
{"level":"info","message":"✅ Banco de dados (MariaDB/MySQL) conectado","service":"plusticket","timestamp":"2026-08-18 00:44:18"}
{"level":"info","message":"✅ Socket.IO inicializado","service":"plusticket","timestamp":"2026-08-18 00:44:18"}
{"level":"info","message":"✅ E-mail configurado (Ethereal): my4f5vhbzmmzcj7f@ethereal.email","service":"plusticket","timestamp":"2026-08-18 00:44:19"}
{"level":"info","message":"📧 Visualizar e-mails em: https://ethereal.email/login","service":"plusticket","timestamp":"2026-08-18 00:44:19"}
{"level":"warn","message":"⚠️  Redis indisponível. Filas de jobs (PDF, E-mail) desativadas. O servidor funcionará normalmente.","service":"plusticket","timestamp":"2026-08-18 00:44:19"}
{"level":"warn","message":"⚠️  Filas BullMQ não criadas (Redis indisponível).","service":"plusticket","timestamp":"2026-08-18 00:44:19"}
{"level":"warn","message":"⚠️  Email Worker não iniciado (Redis indisponível)","service":"plusticket","timestamp":"2026-08-18 00:44:19"}
{"level":"warn","message":"⚠️  PDF Worker não iniciado (Redis indisponível)","service":"plusticket","timestamp":"2026-08-18 00:44:19"}
{"level":"warn","message":"⚠️  Payment Worker não iniciado (Redis indisponível)","service":"plusticket","timestamp":"2026-08-18 00:44:19"}
{"level":"info","message":"\n╔══════════════════════════════════════════════════╗\n║                                                  ║\n║   🎫 plusTicket API v1.0.0                       ║\n║                                                  ║\n║   🌐 Server:    http://localhost:3000            ║\n║   📊 Queues:    http://localhost:3000/admin/queues║\n║   💚 Health:    http://localhost:3000/api/health  ║\n║   🔌 WebSocket: ws://localhost:3000/dashboard    ║\n║                                                  ║\n║   📦 Ambiente: development                     ║\n║                                                  ║\n╚══════════════════════════════════════════════════╝\n      ","service":"plusticket","timestamp":"2026-08-18 00:44:19"}
{"level":"info","message":"Pedido finalizado [TESTE]: PT-MSY4DLQT-XFY2 - Total R$ 264","service":"plusticket","timestamp":"2026-08-18 00:45:18"}
{"level":"error","message":"Erro não tratado: O e-mail informado pertence a uma conta de organizador.","method":"POST","path":"/api/tickets/11595487-d9c0-4e44-9ea9-7ccc4b86901d/transfer","service":"plusticket","stack":"Error: O e-mail informado pertence a uma conta de organizador.\n    at TicketsService.initiateTransfer (C:\\Users\\Daten\\Desktop\\plusTicket\\server\\src\\modules\\tickets\\tickets.service.js:393:27)\n    at async initiateTransfer (C:\\Users\\Daten\\Desktop\\plusTicket\\server\\src\\modules\\tickets\\tickets.controller.js:73:24)","timestamp":"2026-08-18 00:46:48"}
{"level":"info","message":"Novo usuário registrado: receptor@gmail.com (ATTENDEE)","service":"plusticket","timestamp":"2026-08-18 00:47:18"}
{"level":"info","message":"Login: mirilo.bxd@gmail.com","service":"plusticket","timestamp":"2026-08-18 00:47:38"}
{"level":"info","message":"Transferência iniciada: Ticket TK-C0C1FBA5 para receptor@gmail.com (Expira em 30 min)","service":"plusticket","timestamp":"2026-08-18 00:47:53"}
{"level":"error","message":"Erro não tratado: Credenciais inválidas","method":"POST","path":"/api/auth/login","service":"plusticket","stack":"Error: Credenciais inválidas\n    at AuthService.login (C:\\Users\\Daten\\Desktop\\plusTicket\\server\\src\\modules\\auth\\auth.service.js:53:27)\n    at async login (C:\\Users\\Daten\\Desktop\\plusTicket\\server\\src\\modules\\auth\\auth.controller.js:16:22)","timestamp":"2026-08-18 00:54:11"}
{"level":"error","message":"Erro não tratado: Credenciais inválidas","method":"POST","path":"/api/auth/login","service":"plusticket","stack":"Error: Credenciais inválidas\n    at AuthService.login (C:\\Users\\Daten\\Desktop\\plusTicket\\server\\src\\modules\\auth\\auth.service.js:53:27)\n    at async login (C:\\Users\\Daten\\Desktop\\plusTicket\\server\\src\\modules\\auth\\auth.controller.js:16:22)","timestamp":"2026-08-18 00:54:11"}
{"level":"error","message":"Erro não tratado: Credenciais inválidas","method":"POST","path":"/api/auth/login","service":"plusticket","stack":"Error: Credenciais inválidas\n    at AuthService.login (C:\\Users\\Daten\\Desktop\\plusTicket\\server\\src\\modules\\auth\\auth.service.js:53:27)\n    at async login (C:\\Users\\Daten\\Desktop\\plusTicket\\server\\src\\modules\\auth\\auth.controller.js:16:22)","timestamp":"2026-08-18 00:54:14"}
{"level":"error","message":"Erro não tratado: Credenciais inválidas","method":"POST","path":"/api/auth/login","service":"plusticket","stack":"Error: Credenciais inválidas\n    at AuthService.login (C:\\Users\\Daten\\Desktop\\plusTicket\\server\\src\\modules\\auth\\auth.service.js:53:27)\n    at async login (C:\\Users\\Daten\\Desktop\\plusTicket\\server\\src\\modules\\auth\\auth.controller.js:16:22)","timestamp":"2026-08-18 00:54:18"}
{"level":"info","message":"Login: receptor@gmail.com","service":"plusticket","timestamp":"2026-08-18 00:54:24"}
{"level":"info","message":"Transferência aceita! Ticket TK-13D19639 atribuído a receptor@gmail.com","service":"plusticket","timestamp":"2026-08-18 00:54:31"}
{"level":"info","message":"\nSIGINT recebido. Encerrando...","service":"plusticket","timestamp":"2026-08-18 00:55:09"}
{"level":"info","message":"✅ Banco de dados (MariaDB/MySQL) conectado","service":"plusticket","timestamp":"2026-08-18 00:55:13"}
{"level":"info","message":"✅ Socket.IO inicializado","service":"plusticket","timestamp":"2026-08-18 00:55:13"}
{"level":"info","message":"✅ E-mail configurado (Ethereal): vambzivxj76ffi2k@ethereal.email","service":"plusticket","timestamp":"2026-08-18 00:55:14"}
{"level":"info","message":"📧 Visualizar e-mails em: https://ethereal.email/login","service":"plusticket","timestamp":"2026-08-18 00:55:14"}
{"level":"warn","message":"⚠️  Redis indisponível. Filas de jobs (PDF, E-mail) desativadas. O servidor funcionará normalmente.","service":"plusticket","timestamp":"2026-08-18 00:55:14"}
{"level":"warn","message":"⚠️  Filas BullMQ não criadas (Redis indisponível).","service":"plusticket","timestamp":"2026-08-18 00:55:14"}
{"level":"warn","message":"⚠️  Email Worker não iniciado (Redis indisponível)","service":"plusticket","timestamp":"2026-08-18 00:55:14"}
{"level":"warn","message":"⚠️  PDF Worker não iniciado (Redis indisponível)","service":"plusticket","timestamp":"2026-08-18 00:55:14"}
{"level":"warn","message":"⚠️  Payment Worker não iniciado (Redis indisponível)","service":"plusticket","timestamp":"2026-08-18 00:55:14"}
{"level":"info","message":"\n╔══════════════════════════════════════════════════╗\n║                                                  ║\n║   🎫 plusTicket API v1.0.0                       ║\n║                                                  ║\n║   🌐 Server:    http://localhost:3000            ║\n║   📊 Queues:    http://localhost:3000/admin/queues║\n║   💚 Health:    http://localhost:3000/api/health  ║\n║   🔌 WebSocket: ws://localhost:3000/dashboard    ║\n║                                                  ║\n║   📦 Ambiente: development                     ║\n║                                                  ║\n╚══════════════════════════════════════════════════╝\n      ","service":"plusticket","timestamp":"2026-08-18 00:55:14"}
{"level":"info","message":"✅ Banco de dados (MariaDB/MySQL) conectado","service":"plusticket","timestamp":"2026-08-18 00:55:26"}
{"level":"info","message":"✅ Socket.IO inicializado","service":"plusticket","timestamp":"2026-08-18 00:55:26"}
{"level":"info","message":"✅ E-mail configurado (Ethereal): anlpgvhur5hv4dex@ethereal.email","service":"plusticket","timestamp":"2026-08-18 00:55:27"}
{"level":"info","message":"📧 Visualizar e-mails em: https://ethereal.email/login","service":"plusticket","timestamp":"2026-08-18 00:55:27"}
{"level":"warn","message":"⚠️  Redis indisponível. Filas de jobs (PDF, E-mail) desativadas. O servidor funcionará normalmente.","service":"plusticket","timestamp":"2026-08-18 00:55:27"}
{"level":"warn","message":"⚠️  Filas BullMQ não criadas (Redis indisponível).","service":"plusticket","timestamp":"2026-08-18 00:55:27"}
{"level":"warn","message":"⚠️  Email Worker não iniciado (Redis indisponível)","service":"plusticket","timestamp":"2026-08-18 00:55:27"}
{"level":"warn","message":"⚠️  PDF Worker não iniciado (Redis indisponível)","service":"plusticket","timestamp":"2026-08-18 00:55:27"}
{"level":"warn","message":"⚠️  Payment Worker não iniciado (Redis indisponível)","service":"plusticket","timestamp":"2026-08-18 00:55:27"}
{"level":"info","message":"\n╔══════════════════════════════════════════════════╗\n║                                                  ║\n║   🎫 plusTicket API v1.0.0                       ║\n║                                                  ║\n║   🌐 Server:    http://localhost:3000            ║\n║   📊 Queues:    http://localhost:3000/admin/queues║\n║   💚 Health:    http://localhost:3000/api/health  ║\n║   🔌 WebSocket: ws://localhost:3000/dashboard    ║\n║                                                  ║\n║   📦 Ambiente: development                     ║\n║                                                  ║\n╚══════════════════════════════════════════════════╝\n      ","service":"plusticket","timestamp":"2026-08-18 00:55:27"}
{"level":"info","message":"✅ Banco de dados (MariaDB/MySQL) conectado","service":"plusticket","timestamp":"2026-08-18 00:56:33"}
{"level":"info","message":"✅ Socket.IO inicializado","service":"plusticket","timestamp":"2026-08-18 00:56:33"}
{"level":"info","message":"✅ E-mail configurado (Ethereal): rim7zyyffmnkk4kk@ethereal.email","service":"plusticket","timestamp":"2026-08-18 00:56:34"}
{"level":"info","message":"📧 Visualizar e-mails em: https://ethereal.email/login","service":"plusticket","timestamp":"2026-08-18 00:56:34"}
{"level":"warn","message":"⚠️  Redis indisponível. Filas de jobs (PDF, E-mail) desativadas. O servidor funcionará normalmente.","service":"plusticket","timestamp":"2026-08-18 00:56:34"}
{"level":"warn","message":"⚠️  Filas BullMQ não criadas (Redis indisponível).","service":"plusticket","timestamp":"2026-08-18 00:56:34"}
{"level":"warn","message":"⚠️  Email Worker não iniciado (Redis indisponível)","service":"plusticket","timestamp":"2026-08-18 00:56:34"}
{"level":"warn","message":"⚠️  PDF Worker não iniciado (Redis indisponível)","service":"plusticket","timestamp":"2026-08-18 00:56:34"}
{"level":"warn","message":"⚠️  Payment Worker não iniciado (Redis indisponível)","service":"plusticket","timestamp":"2026-08-18 00:56:34"}
{"level":"info","message":"\n╔══════════════════════════════════════════════════╗\n║                                                  ║\n║   🎫 plusTicket API v1.0.0                       ║\n║                                                  ║\n║   🌐 Server:    http://localhost:3000            ║\n║   📊 Queues:    http://localhost:3000/admin/queues║\n║   💚 Health:    http://localhost:3000/api/health  ║\n║   🔌 WebSocket: ws://localhost:3000/dashboard    ║\n║                                                  ║\n║   📦 Ambiente: development                     ║\n║                                                  ║\n╚══════════════════════════════════════════════════╝\n      ","service":"plusticket","timestamp":"2026-08-18 00:56:34"}
{"level":"info","message":"✅ Banco de dados (MariaDB/MySQL) conectado","service":"plusticket","timestamp":"2026-08-18 00:56:38"}
{"level":"info","message":"✅ Socket.IO inicializado","service":"plusticket","timestamp":"2026-08-18 00:56:38"}
{"level":"info","message":"✅ E-mail configurado (Ethereal): wbcgho2o62q7luxn@ethereal.email","service":"plusticket","timestamp":"2026-08-18 00:56:39"}
{"level":"info","message":"📧 Visualizar e-mails em: https://ethereal.email/login","service":"plusticket","timestamp":"2026-08-18 00:56:39"}
{"level":"warn","message":"⚠️  Redis indisponível. Filas de jobs (PDF, E-mail) desativadas. O servidor funcionará normalmente.","service":"plusticket","timestamp":"2026-08-18 00:56:39"}
{"level":"warn","message":"⚠️  Filas BullMQ não criadas (Redis indisponível).","service":"plusticket","timestamp":"2026-08-18 00:56:39"}
{"level":"warn","message":"⚠️  Email Worker não iniciado (Redis indisponível)","service":"plusticket","timestamp":"2026-08-18 00:56:39"}
{"level":"warn","message":"⚠️  PDF Worker não iniciado (Redis indisponível)","service":"plusticket","timestamp":"2026-08-18 00:56:39"}
{"level":"warn","message":"⚠️  Payment Worker não iniciado (Redis indisponível)","service":"plusticket","timestamp":"2026-08-18 00:56:39"}
{"level":"info","message":"\n╔══════════════════════════════════════════════════╗\n║                                                  ║\n║   🎫 plusTicket API v1.0.0                       ║\n║                                                  ║\n║   🌐 Server:    http://localhost:3000            ║\n║   📊 Queues:    http://localhost:3000/admin/queues║\n║   💚 Health:    http://localhost:3000/api/health  ║\n║   🔌 WebSocket: ws://localhost:3000/dashboard    ║\n║                                                  ║\n║   📦 Ambiente: development                     ║\n║                                                  ║\n╚══════════════════════════════════════════════════╝\n      ","service":"plusticket","timestamp":"2026-08-18 00:56:39"}
{"level":"info","message":"Pedido finalizado [TESTE]: PT-MSY4TR68-4956 - Total R$ 242","service":"plusticket","timestamp":"2026-08-18 00:57:52"}
{"level":"info","message":"Pedido finalizado [TESTE]: PT-MSY53H2P-NG2J - Total R$ 165","service":"plusticket","timestamp":"2026-08-18 01:05:25"}
{"level":"info","message":"\nSIGINT recebido. Encerrando...","service":"plusticket","timestamp":"2026-08-18 01:07:38"}
